# Pathway,5132_kneaddata_Abundance,5145_kneaddata_Abundance,5188_kneaddata_Abundance,5210_kneaddata_Abundance,5401_kneaddata_Abundance,5406_kneaddata_Abundance,5409_kneaddata_Abundance,5411_kneaddata_Abundance,5414_kneaddata_Abundance,5136_kneaddata_Abundance,5140_kneaddata_Abundance,5141_kneaddata_Abundance,5192_kneaddata_Abundance,5194_kneaddata_Abundance,5403_kneaddata_Abundance,5404_kneaddata_Abundance,193_kneaddata_Abundance,179_kneaddata_Abundance,180_kneaddata_Abundance,181_kneaddata_Abundance,183_kneaddata_Abundance,184_kneaddata_Abundance,189_kneaddata_Abundance,190_kneaddata_Abundance,176_kneaddata_Abundance,185_kneaddata_Abundance,981_kneaddata_Abundance,984_kneaddata_Abundance
1CMET2-PWY: N10-formyl-tetrahydrofolate biosynthesis,0.00000000000000000,0.00000000000000000,0.00000000000000000,0.00000000000000000,0.00000000000000000,0.00000000000000000,0.00000000000000000,0.00000000000000000,0.00000000000000000,0.00000000000000000,0.00000000000000000,0.00000000000000000,0.00000000000000000,0.00000000000000000,0.00000000000000000,0.00000000000000000,0.00000000000000000,0.00000000000000000,0.00000000000000000,0.00000000000000000,0.00000000000000000,0.00000000000000000,0.00000000000000000,0.00000000000000000,0.00000000000000000,0.00000000000000000,0.00000000000000000,0.00000000000000000
3-HYDROXYPHENYLACETATE-DEGRADATION-PWY: 4-hydroxyphenylacetate degradation,0.00001097690000000,0.00001207510000000,0.00000000000000000,0.00000156009000000,0.00000000000000000,0.00000081319600000,0.00000000000000000,0.00000000000000000,0.00000000000000000,0.00000124383000000,0.00000126690000000,0.00000069066700000,0.00000000000000000,0.00000000000000000,0.00000000000000000,0.00000000000000000,0.00000000000000000,0.00000000000000000,0.00000000000000000,0.00000000000000000,0.00000000000000000,0.00000000000000000,0.00000000000000000,0.00000000000000000,0.00000000000000000,0.00000000000000000,0.00000638535000000,0.00000665061000000
4-HYDROXYMANDELATE-DEGRADATION-PWY: 4-hydroxymandelate degradation,0.00000000000000000,0.00000043732400000,0.00000000000000000,0.00000000000000000,0.00000000000000000,0.00000000000000000,0.00000000000000000,0.00000000000000000,0.00000000000000000,0.00000000000000000,0.00000000000000000,0.00000000000000000,0.00000000000000000,0.00000000000000000,0.00000000000000000,0.00000000000000000,0.00000000000000000,0.00000000000000000,0.00000000000000000,0.00000000000000000,0.00000000000000000,0.00000000000000000,0.00000000000000000,0.00000000000000000,0.00000000000000000,0.00000000000000000,0.00000000000000000,0.00000000000000000
"7ALPHADEHYDROX-PWY: cholate degradation (bacteria, anaerobic)",0.00000000000000000,0.00000000000000000,0.00000000000000000,0.00000000000000000,0.00000000000000000,0.00000000000000000,0.00000000000000000,0.00000000000000000,0.00000000000000000,0.00000000000000000,0.00000000000000000,0.00000000000000000,0.00000000000000000,0.00000000000000000,0.00000000000000000,0.00000000000000000,0.00000000000000000,0.00000000000000000,0.00000000000000000,0.00000000000000000,0.00000000000000000,0.00000000000000000,0.00000061717100000,0.00000057988800000,0.00000000000000000,0.00000000000000000,0.00000000000000000,0.00000000000000000
AEROBACTINSYN-PWY: aerobactin biosynthesis,0.00000006017800000,0.00000014399700000,0.00000000000000000,0.00000000000000000,0.00000000000000000,0.00000000000000000,0.00000000000000000,0.00000000000000000,0.00000000000000000,0.00000000000000000,0.00000000000000000,0.00000000000000000,0.00000000000000000,0.00000000000000000,0.00000000000000000,0.00000000000000000,0.00000000000000000,0.00000000000000000,0.00000000000000000,0.00000000000000000,0.00000000000000000,0.00000000000000000,0.00000000000000000,0.00000000000000000,0.00000000000000000,0.00000000000000000,0.00000000000000000,0.00000000000000000
ALLANTOINDEG-PWY: superpathway of allantoin degradation in yeast,0.00000216734000000,0.00000314748000000,0.00000000000000000,0.00000290929000000,0.00000048257200000,0.00000158982000000,0.00000000000000000,0.00000198405000000,0.00000302538000000,0.00000066136200000,0.00000134194000000,0.00000115489000000,0.00000106151000000,0.00000000000000000,0.00000096284800000,0.00000077956000000,0.00000039052600000,0.00000000000000000,0.00000000000000000,0.00000000000000000,0.00000000000000000,0.00000000000000000,0.00000000000000000,0.00000138380000000,0.00000000000000000,0.00000053923900000,0.00000062825500000,0.00000000000000000
ANAEROFRUCAT-PWY: homolactic fermentation,0.00000000000000000,0.00000000000000000,0.00000000000000000,0.00000000000000000,0.00000000000000000,0.00000000000000000,0.00000000000000000,0.00000000000000000,0.00000000000000000,0.00000000000000000,0.00000000000000000,0.00000000000000000,0.00000000000000000,0.00000000000000000,0.00000000000000000,0.00000000000000000,0.00000000000000000,0.00000000000000000,0.00000000000000000,0.00000000000000000,0.00000000000000000,0.00000000000000000,0.00000000000000000,0.00000000000000000,0.00000000000000000,0.00000000000000000,0.00000000000000000,0.00000000000000000
ANAGLYCOLYSIS-PWY: glycolysis III (from glucose),0.00000000000000000,0.00000000000000000,0.00000000000000000,0.00000000000000000,0.00000000000000000,0.00000000000000000,0.00000000000000000,0.00000000000000000,0.00000000000000000,0.00000000000000000,0.00000000000000000,0.00000000000000000,0.00000000000000000,0.00000000000000000,0.00000000000000000,0.00000000000000000,0.00000000000000000,0.00000000000000000,0.00000000000000000,0.00000000000000000,0.00000000000000000,0.00000000000000000,0.00000000000000000,0.00000000000000000,0.00000000000000000,0.00000000000000000,0.00000000000000000,0.00000000000000000
ARG+POLYAMINE-SYN: superpathway of arginine and polyamine biosynthesis,0.00009045480000000,0.00000000000000000,0.00006021110000000,0.00000000000000000,0.00004724790000000,0.00006027620000000,0.00000000000000000,0.00007410630000000,0.00008505770000000,0.00007075850000000,0.00006620200000000,0.00004111560000000,0.00000000000000000,0.00000000000000000,0.00005305830000000,0.00004458940000000,0.00006113520000000,0.00000403223000000,0.00000556454000000,0.00001055170000000,0.00001157100000000,0.00001130850000000,0.00005623040000000,0.00004878110000000,0.00000813684000000,0.00004121000000000,0.00000000000000000,0.00008172660000000
"ARGDEG-PWY: superpathway of L-arginine, putrescine, and 4-aminobutanoate degradation",0.00001354870000000,0.00002446860000000,0.00000046860900000,0.00002576050000000,0.00000099364400000,0.00000108555000000,0.00000000000000000,0.00000000000000000,0.00000000000000000,0.00000914207000000,0.00000732394000000,0.00000739875000000,0.00000000000000000,0.00000000000000000,0.00000040564600000,0.00000000000000000,0.00000000000000000,0.00000000000000000,0.00000000000000000,0.00000000000000000,0.00000000000000000,0.00000000000000000,0.00000000000000000,0.00000000000000000,0.00000000000000000,0.00000000000000000,0.00001220440000000,0.00001164470000000
ARGININE-SYN4-PWY: L-ornithine de novo  biosynthesis,0.00002406380000000,0.00002608620000000,0.00003415130000000,0.00001447090000000,0.00003172030000000,0.00003593290000000,0.00003901330000000,0.00003031430000000,0.00002584590000000,0.00001174840000000,0.00001589060000000,0.00001762840000000,0.00003226480000000,0.00003354880000000,0.00002702860000000,0.00003185850000000,0.00001687890000000,0.00003343470000000,0.00003173850000000,0.00003416030000000,0.00003303480000000,0.00003787920000000,0.00002003140000000,0.00001538370000000,0.00002816340000000,0.00003820490000000,0.00001476210000000,0.00001387140000000
"ARGORNPROST-PWY: arginine, ornithine and proline interconversion",0.00001320230000000,0.00001777090000000,0.00001653980000000,0.00000710007000000,0.00001116880000000,0.00001089480000000,0.00000782385000000,0.00002721780000000,0.00002579020000000,0.00001329570000000,0.00001255910000000,0.00001231750000000,0.00002724290000000,0.00001094650000000,0.00001133490000000,0.00001197870000000,0.00001336310000000,0.00000707595000000,0.00001173540000000,0.00001830820000000,0.00001085210000000,0.00001611170000000,0.00001941920000000,0.00001066930000000,0.00001360870000000,0.00001859600000000,0.00000692494000000,0.00001467550000000
ARGSYN-PWY: L-arginine biosynthesis I (via L-ornithine),0.00000000000000000,0.00000000000000000,0.00000000000000000,0.00000000000000000,0.00000000000000000,0.00000000000000000,0.00000000000000000,0.00000000000000000,0.00000000000000000,0.00000000000000000,0.00000000000000000,0.00000000000000000,0.00000000000000000,0.00000000000000000,0.00000000000000000,0.00000000000000000,0.00000000000000000,0.00000000000000000,0.00000000000000000,0.00000000000000000,0.00000000000000000,0.00000000000000000,0.00000000000000000,0.00000000000000000,0.00000000000000000,0.00000000000000000,0.00000000000000000,0.00000000000000000
ARGSYNBSUB-PWY: L-arginine biosynthesis II (acetyl cycle),0.00000000000000000,0.00000000000000000,0.00000000000000000,0.00000000000000000,0.00000000000000000,0.00000000000000000,0.00000000000000000,0.00000000000000000,0.00000000000000000,0.00000000000000000,0.00000000000000000,0.00000000000000000,0.00000000000000000,0.00000000000000000,0.00000000000000000,0.00000000000000000,0.00000000000000000,0.00008799550000000,0.00009150630000000,0.00009458630000000,0.00008919740000000,0.00000000000000000,0.00000000000000000,0.00008662860000000,0.00006593190000000,0.00000000000000000,0.00000000000000000,0.00000000000000000
ARO-PWY: chorismate biosynthesis I,0.00000000000000000,0.00000000000000000,0.00000000000000000,0.00000000000000000,0.00000000000000000,0.00000000000000000,0.00000000000000000,0.00000000000000000,0.00000000000000000,0.00000000000000000,0.00000000000000000,0.00000000000000000,0.00000000000000000,0.00000000000000000,0.00000000000000000,0.00000000000000000,0.00000000000000000,0.00000000000000000,0.00000000000000000,0.00000000000000000,0.00000000000000000,0.00000000000000000,0.00000000000000000,0.00000000000000000,0.00000000000000000,0.00000000000000000,0.00000000000000000,0.00000000000000000
ASPASN-PWY: superpathway of L-aspartate and L-asparagine biosynthesis,0.00000000000000000,0.00000000000000000,0.00000000000000000,0.00000000000000000,0.00000000000000000,0.00000000000000000,0.00000000000000000,0.00000000000000000,0.00000000000000000,0.00000000000000000,0.00000000000000000,0.00000000000000000,0.00000000000000000,0.00000000000000000,0.00000000000000000,0.00000000000000000,0.00000000000000000,0.00000000000000000,0.00000000000000000,0.00000000000000000,0.00000000000000000,0.00000000000000000,0.00000000000000000,0.00000000000000000,0.00000000000000000,0.00000000000000000,0.00000000000000000,0.00000000000000000
AST-PWY: L-arginine degradation II (AST pathway),0.00000964165000000,0.00001682990000000,0.00000000000000000,0.00002582990000000,0.00000026624000000,0.00000138370000000,0.00000000000000000,0.00000000000000000,0.00000000000000000,0.00000541538000000,0.00000413842000000,0.00000469223000000,0.00000000000000000,0.00000000000000000,0.00000023285600000,0.00000000000000000,0.00000000000000000,0.00000000000000000,0.00000000000000000,0.00000000000000000,0.00000000000000000,0.00000000000000000,0.00000000000000000,0.00000000000000000,0.00000000000000000,0.00000000000000000,0.00002598390000000,0.00001043970000000
BIOTIN-BIOSYNTHESIS-PWY: biotin biosynthesis I,0.00005957910000000,0.00007509450000000,0.00000000000000000,0.00000000000000000,0.00000000000000000,0.00000000000000000,0.00000000000000000,0.00000000000000000,0.00000000000000000,0.00005803530000000,0.00005082240000000,0.00005230750000000,0.00000000000000000,0.00000000000000000,0.00000000000000000,0.00000000000000000,0.00000000000000000,0.00007545170000000,0.00000000000000000,0.00000000000000000,0.00000000000000000,0.00000000000000000,0.00000000000000000,0.00000000000000000,0.00009779620000000,0.00000000000000000,0.00007857210000000,0.00006764140000000
BRANCHED-CHAIN-AA-SYN-PWY: superpathway of branched amino acid biosynthesis,0.00000000000000000,0.00000000000000000,0.00000000000000000,0.00000000000000000,0.00000000000000000,0.00000000000000000,0.00000000000000000,0.00000000000000000,0.00000000000000000,0.00000000000000000,0.00000000000000000,0.00000000000000000,0.00000000000000000,0.00000000000000000,0.00000000000000000,0.00000000000000000,0.00000000000000000,0.00000000000000000,0.00000000000000000,0.00000000000000000,0.00000000000000000,0.00000000000000000,0.00000000000000000,0.00000000000000000,0.00000000000000000,0.00000000000000000,0.00000000000000000,0.00000000000000000
CALVIN-PWY: Calvin-Benson-Bassham cycle,0.00000000000000000,0.00000000000000000,0.00000000000000000,0.00000000000000000,0.00000000000000000,0.00000000000000000,0.00000000000000000,0.00000000000000000,0.00000000000000000,0.00000000000000000,0.00000000000000000,0.00000000000000000,0.00000000000000000,0.00000000000000000,0.00000000000000000,0.00000000000000000,0.00000000000000000,0.00000000000000000,0.00000000000000000,0.00000000000000000,0.00000000000000000,0.00000000000000000,0.00000000000000000,0.00000000000000000,0.00000000000000000,0.00000000000000000,0.00000000000000000,0.00000000000000000
CATECHOL-ORTHO-CLEAVAGE-PWY: catechol degradation to &beta;-ketoadipate,0.00000093101500000,0.00000073191900000,0.00000000000000000,0.00000000000000000,0.00000000000000000,0.00000000000000000,0.00000000000000000,0.00000000000000000,0.00000000000000000,0.00000043859700000,0.00000000000000000,0.00000033031600000,0.00000000000000000,0.00000000000000000,0.00000000000000000,0.00000000000000000,0.00000000000000000,0.00000000000000000,0.00000000000000000,0.00000000000000000,0.00000000000000000,0.00000000000000000,0.00000000000000000,0.00000000000000000,0.00000000000000000,0.00000000000000000,0.00000177616000000,0.00000038551800000
CENTFERM-PWY: pyruvate fermentation to butanoate,0.00005553280000000,0.00005054080000000,0.00004382640000000,0.00002277880000000,0.00004624690000000,0.00003845430000000,0.00006692150000000,0.00005711960000000,0.00006899660000000,0.00002957650000000,0.00002206090000000,0.00002841160000000,0.00007568220000000,0.00006584670000000,0.00002845960000000,0.00003095660000000,0.00004918860000000,0.00001010180000000,0.00001913810000000,0.00001348730000000,0.00001855680000000,0.00001694690000000,0.00002090170000000,0.00001596290000000,0.00000965241000000,0.00001901390000000,0.00002588890000000,0.00002074550000000
CITRULBIO-PWY: L-citrulline biosynthesis,0.00009131100000000,0.00008478760000000,0.00000000000000000,0.00006974700000000,0.00000000000000000,0.00000000000000000,0.00001439740000000,0.00000765739000000,0.00003199150000000,0.00004612890000000,0.00003190910000000,0.00003143000000000,0.00001632890000000,0.00000721918000000,0.00000000000000000,0.00000000000000000,0.00003916530000000,0.00006651020000000,0.00007665360000000,0.00006101020000000,0.00008395050000000,0.00008962610000000,0.00009118710000000,0.00000000000000000,0.00005556640000000,0.00000000000000000,0.00004773380000000,0.00001210000000000
COA-PWY-1: coenzyme A biosynthesis II (mammalian),0.00000000000000000,0.00000000000000000,0.00000000000000000,0.00000000000000000,0.00000000000000000,0.00000000000000000,0.00000000000000000,0.00000000000000000,0.00000000000000000,0.00000000000000000,0.00000000000000000,0.00000000000000000,0.00000000000000000,0.00000000000000000,0.00000000000000000,0.00000000000000000,0.00000000000000000,0.00000000000000000,0.00000000000000000,0.00000000000000000,0.00000000000000000,0.00000000000000000,0.00000000000000000,0.00000000000000000,0.00000000000000000,0.00000000000000000,0.00000000000000000,0.00000000000000000
COA-PWY: coenzyme A biosynthesis I,0.00000000000000000,0.00000000000000000,0.00000000000000000,0.00000000000000000,0.00000000000000000,0.00000000000000000,0.00000000000000000,0.00000000000000000,0.00000000000000000,0.00000000000000000,0.00000000000000000,0.00000000000000000,0.00000000000000000,0.00009261220000000,0.00008934650000000,0.00000000000000000,0.00000000000000000,0.00000000000000000,0.00000000000000000,0.00000000000000000,0.00000000000000000,0.00000000000000000,0.00000000000000000,0.00000000000000000,0.00009526170000000,0.00000000000000000,0.00000000000000000,0.00000000000000000
COBALSYN-PWY: adenosylcobalamin salvage from cobinamide I,0.00000000000000000,0.00000000000000000,0.00008193040000000,0.00000000000000000,0.00000000000000000,0.00000000000000000,0.00009293420000000,0.00007006710000000,0.00007182630000000,0.00000000000000000,0.00000000000000000,0.00008146940000000,0.00000000000000000,0.00009794480000000,0.00008104170000000,0.00008861940000000,0.00008213690000000,0.00001019680000000,0.00002023440000000,0.00001263840000000,0.00001420770000000,0.00001731150000000,0.00007375670000000,0.00007022490000000,0.00001705060000000,0.00004105330000000,0.00009022720000000,0.00000000000000000
COLANSYN-PWY: colanic acid building blocks biosynthesis,0.00008196140000000,0.00008927360000000,0.00005421090000000,0.00000000000000000,0.00002275380000000,0.00004320600000000,0.00006329370000000,0.00005067040000000,0.00007899550000000,0.00008016870000000,0.00008771480000000,0.00008619940000000,0.00005206150000000,0.00002976390000000,0.00003383420000000,0.00004426570000000,0.00005950360000000,0.00001648050000000,0.00003173070000000,0.00002280510000000,0.00002397970000000,0.00002393670000000,0.00005014880000000,0.00004352350000000,0.00001675410000000,0.00006465070000000,0.00000000000000000,0.00008324670000000
COMPLETE-ARO-PWY: superpathway of aromatic amino acid biosynthesis,0.00000000000000000,0.00000000000000000,0.00000000000000000,0.00000000000000000,0.00000000000000000,0.00000000000000000,0.00000000000000000,0.00000000000000000,0.00000000000000000,0.00000000000000000,0.00000000000000000,0.00000000000000000,0.00000000000000000,0.00000000000000000,0.00000000000000000,0.00000000000000000,0.00000000000000000,0.00000000000000000,0.00000000000000000,0.00000000000000000,0.00000000000000000,0.00000000000000000,0.00000000000000000,0.00000000000000000,0.00000000000000000,0.00000000000000000,0.00000000000000000,0.00000000000000000
CRNFORCAT-PWY: creatinine degradation I,0.00000963493000000,0.00000849052000000,0.00000239017000000,0.00000858533000000,0.00000000000000000,0.00000111906000000,0.00000423499000000,0.00000000000000000,0.00000000000000000,0.00000016246700000,0.00000000000000000,0.00000000000000000,0.00000213794000000,0.00000153786000000,0.00000034677500000,0.00000000000000000,0.00000068189300000,0.00000000000000000,0.00000000000000000,0.00000000000000000,0.00000000000000000,0.00000028516100000,0.00000000000000000,0.00000172307000000,0.00000000000000000,0.00000000000000000,0.00000295687000000,0.00000103749000000
DAPLYSINESYN-PWY: L-lysine biosynthesis I,0.00007877810000000,0.00008773570000000,0.00001934460000000,0.00000000000000000,0.00003390220000000,0.00004413650000000,0.00004934550000000,0.00004938700000000,0.00005245200000000,0.00004204510000000,0.00004471010000000,0.00005692020000000,0.00005535470000000,0.00004240290000000,0.00001399560000000,0.00002275040000000,0.00003545440000000,0.00003357430000000,0.00003753940000000,0.00002485830000000,0.00002985710000000,0.00004450130000000,0.00004018900000000,0.00004227790000000,0.00001911930000000,0.00006202480000000,0.00000000000000000,0.00005811070000000
DENOVOPURINE2-PWY: superpathway of purine nucleotides de novo biosynthesis II,0.00000000000000000,0.00000000000000000,0.00000000000000000,0.00000000000000000,0.00000000000000000,0.00000000000000000,0.00000000000000000,0.00000000000000000,0.00000000000000000,0.00000000000000000,0.00000000000000000,0.00000000000000000,0.00000000000000000,0.00000000000000000,0.00000000000000000,0.00000000000000000,0.00000000000000000,0.00000000000000000,0.00000000000000000,0.00000000000000000,0.00000000000000000,0.00000000000000000,0.00000000000000000,0.00000000000000000,0.00000000000000000,0.00000000000000000,0.00000000000000000,0.00000000000000000
DTDPRHAMSYN-PWY: dTDP-L-rhamnose biosynthesis I,0.00000000000000000,0.00000000000000000,0.00000000000000000,0.00000000000000000,0.00000000000000000,0.00000000000000000,0.00000000000000000,0.00000000000000000,0.00000000000000000,0.00000000000000000,0.00000000000000000,0.00000000000000000,0.00000000000000000,0.00000000000000000,0.00000000000000000,0.00000000000000000,0.00000000000000000,0.00000000000000000,0.00000000000000000,0.00000000000000000,0.00000000000000000,0.00000000000000000,0.00000000000000000,0.00000000000000000,0.00000000000000000,0.00000000000000000,0.00000000000000000,0.00000000000000000
ECASYN-PWY: enterobacterial common antigen biosynthesis,0.00002933160000000,0.00004161430000000,0.00000000000000000,0.00004538530000000,0.00000161055000000,0.00000257764000000,0.00000028313800000,0.00000000000000000,0.00000000000000000,0.00001197230000000,0.00000973663000000,0.00000906050000000,0.00000000000000000,0.00000000000000000,0.00000046977900000,0.00000062348800000,0.00000000000000000,0.00000000000000000,0.00000000000000000,0.00000000000000000,0.00000000000000000,0.00000000000000000,0.00000000000000000,0.00000000000000000,0.00000000000000000,0.00000000000000000,0.00002064650000000,0.00001926460000000
ENTBACSYN-PWY: enterobactin biosynthesis,0.00004041520000000,0.00005453490000000,0.00000549191000000,0.00009221500000000,0.00000589675000000,0.00000766090000000,0.00000000000000000,0.00000000000000000,0.00000000000000000,0.00001960900000000,0.00001644570000000,0.00001762280000000,0.00000000000000000,0.00000000000000000,0.00000146849000000,0.00000000000000000,0.00000000000000000,0.00000000000000000,0.00000000000000000,0.00000000000000000,0.00000000000000000,0.00000000000000000,0.00000000000000000,0.00000000000000000,0.00000362616000000,0.00000000000000000,0.00000000000000000,0.00003028900000000
FAO-PWY: fatty acid &beta;-oxidation I,0.00000000000000000,0.00000000000000000,0.00005831890000000,0.00000000000000000,0.00002458490000000,0.00003083690000000,0.00003551440000000,0.00002624940000000,0.00005354230000000,0.00008357230000000,0.00007529880000000,0.00006711120000000,0.00003602230000000,0.00003660480000000,0.00004373390000000,0.00004898590000000,0.00002363350000000,0.00002366110000000,0.00003292660000000,0.00001890550000000,0.00003046210000000,0.00002752730000000,0.00001483030000000,0.00000943567000000,0.00002000230000000,0.00001406360000000,0.00000000000000000,0.00007924700000000
FASYN-ELONG-PWY: fatty acid elongation -- saturated,0.00000000000000000,0.00000000000000000,0.00000000000000000,0.00000000000000000,0.00000000000000000,0.00000000000000000,0.00000000000000000,0.00000000000000000,0.00000000000000000,0.00000000000000000,0.00000000000000000,0.00000000000000000,0.00000000000000000,0.00000000000000000,0.00000000000000000,0.00000000000000000,0.00000000000000000,0.00007095430000000,0.00000000000000000,0.00000000000000000,0.00000000000000000,0.00000000000000000,0.00000000000000000,0.00000000000000000,0.00009273670000000,0.00000000000000000,0.00000000000000000,0.00000000000000000
FASYN-INITIAL-PWY: superpathway of fatty acid biosynthesis initiation (E. coli),0.00000000000000000,0.00000000000000000,0.00000000000000000,0.00000000000000000,0.00000000000000000,0.00000000000000000,0.00000000000000000,0.00000000000000000,0.00000000000000000,0.00000000000000000,0.00000000000000000,0.00000000000000000,0.00000000000000000,0.00000000000000000,0.00000000000000000,0.00000000000000000,0.00000000000000000,0.00000000000000000,0.00000000000000000,0.00000000000000000,0.00000000000000000,0.00000000000000000,0.00000000000000000,0.00000000000000000,0.00000000000000000,0.00000000000000000,0.00000000000000000,0.00000000000000000
FERMENTATION-PWY: mixed acid fermentation,0.00000000000000000,0.00000000000000000,0.00000444564000000,0.00000000000000000,0.00000299506000000,0.00000392861000000,0.00000219931000000,0.00000000000000000,0.00000058779100000,0.00000000000000000,0.00000000000000000,0.00000000000000000,0.00000419100000000,0.00001530380000000,0.00000166280000000,0.00000792090000000,0.00001868220000000,0.00000344541000000,0.00000357294000000,0.00000437254000000,0.00000468743000000,0.00000306645000000,0.00000442287000000,0.00001194210000000,0.00000225654000000,0.00001736410000000,0.00000000000000000,0.00000000000000000
FOLSYN-PWY: superpathway of tetrahydrofolate biosynthesis and salvage,0.00006908760000000,0.00009053040000000,0.00000401281000000,0.00006488660000000,0.00000596601000000,0.00000658712000000,0.00000362630000000,0.00000000000000000,0.00000000000000000,0.00004432560000000,0.00003280650000000,0.00004003760000000,0.00000585239000000,0.00000000000000000,0.00000141693000000,0.00000000000000000,0.00000434790000000,0.00000000000000000,0.00000293801000000,0.00000000000000000,0.00000000000000000,0.00000148680000000,0.00000159772000000,0.00000167805000000,0.00000000000000000,0.00000095329200000,0.00005624730000000,0.00005175450000000
FUC-RHAMCAT-PWY: superpathway of fucose and rhamnose degradation,0.00004804290000000,0.00006187530000000,0.00001486620000000,0.00009696970000000,0.00000699969000000,0.00000965643000000,0.00000102322000000,0.00000768037000000,0.00000814890000000,0.00003666050000000,0.00002339010000000,0.00002377920000000,0.00000736782000000,0.00000377346000000,0.00000539286000000,0.00000198626000000,0.00005573830000000,0.00004261010000000,0.00005262940000000,0.00007982080000000,0.00008372170000000,0.00007603670000000,0.00007589660000000,0.00005849260000000,0.00004603700000000,0.00004746160000000,0.00007247250000000,0.00005237640000000
FUCCAT-PWY: fucose degradation,0.00003827680000000,0.00004879460000000,0.00000689153000000,0.00006030400000000,0.00000318463000000,0.00000442374000000,0.00000045885400000,0.00000362436000000,0.00000404159000000,0.00001912120000000,0.00001146260000000,0.00001179500000000,0.00000340656000000,0.00000171549000000,0.00000243640000000,0.00000088804100000,0.00002914690000000,0.00002041640000000,0.00002582320000000,0.00004090560000000,0.00004374710000000,0.00003904530000000,0.00004010430000000,0.00002906650000000,0.00002203740000000,0.00002359910000000,0.00006036970000000,0.00002949290000000
GALACT-GLUCUROCAT-PWY: superpathway of hexuronide and hexuronate degradation,0.00000000000000000,0.00000000000000000,0.00007330510000000,0.00000000000000000,0.00008352280000000,0.00005569920000000,0.00000000000000000,0.00000000000000000,0.00000000000000000,0.00000000000000000,0.00009214010000000,0.00008833250000000,0.00000000000000000,0.00000000000000000,0.00009830490000000,0.00000000000000000,0.00007423830000000,0.00002631400000000,0.00004129820000000,0.00003017030000000,0.00003465530000000,0.00002941850000000,0.00005314340000000,0.00003933680000000,0.00002732630000000,0.00005283020000000,0.00000000000000000,0.00009259890000000
GALACTARDEG-PWY: D-galactarate degradation I,0.00000000000000000,0.00009357530000000,0.00002131150000000,0.00000000000000000,0.00000814281000000,0.00001807370000000,0.00001201250000000,0.00001997920000000,0.00002666030000000,0.00004625640000000,0.00003318360000000,0.00003162340000000,0.00001485460000000,0.00001034030000000,0.00001476960000000,0.00002238220000000,0.00000953820000000,0.00003271330000000,0.00006032910000000,0.00002702670000000,0.00002901990000000,0.00003494940000000,0.00002883490000000,0.00001549110000000,0.00002661300000000,0.00001356660000000,0.00008244510000000,0.00004416520000000
GALACTUROCAT-PWY: D-galacturonate degradation I,0.00000000000000000,0.00000000000000000,0.00000000000000000,0.00000000000000000,0.00000000000000000,0.00007655340000000,0.00000000000000000,0.00000000000000000,0.00000000000000000,0.00000000000000000,0.00000000000000000,0.00000000000000000,0.00000000000000000,0.00000000000000000,0.00000000000000000,0.00000000000000000,0.00009652820000000,0.00003303760000000,0.00005827550000000,0.00003995960000000,0.00004903560000000,0.00004330630000000,0.00005752220000000,0.00004458780000000,0.00003996640000000,0.00005228550000000,0.00000000000000000,0.00000000000000000
GALLATE-DEGRADATION-I-PWY: gallate degradation II,0.00000000000000000,0.00000000000000000,0.00000000000000000,0.00000000000000000,0.00000000000000000,0.00000000000000000,0.00000000000000000,0.00000000000000000,0.00000000000000000,0.00000000000000000,0.00000000000000000,0.00000000000000000,0.00000000000000000,0.00000000000000000,0.00000000000000000,0.00000000000000000,0.00000000000000000,0.00000000000000000,0.00000000000000000,0.00000000000000000,0.00000000000000000,0.00000000000000000,0.00000000000000000,0.00000000000000000,0.00000000000000000,0.00000000000000000,0.00000000000000000,0.00000000000000000
GALLATE-DEGRADATION-II-PWY: gallate degradation I,0.00000000000000000,0.00000000000000000,0.00000000000000000,0.00000000000000000,0.00000000000000000,0.00000000000000000,0.00000000000000000,0.00000000000000000,0.00000000000000000,0.00000028451300000,0.00000000000000000,0.00000000000000000,0.00000000000000000,0.00000000000000000,0.00000000000000000,0.00000000000000000,0.00000000000000000,0.00000000000000000,0.00000000000000000,0.00000000000000000,0.00000000000000000,0.00000000000000000,0.00000000000000000,0.00000000000000000,0.00000000000000000,0.00000000000000000,0.00000000000000000,0.00000000000000000
"GLCMANNANAUT-PWY: superpathway of N-acetylglucosamine, N-acetylmannosamine and N-acetylneuraminate degradation",0.00009614820000000,0.00000000000000000,0.00001078820000000,0.00000000000000000,0.00001691900000000,0.00000301436000000,0.00001322320000000,0.00001825010000000,0.00002142940000000,0.00003689640000000,0.00002626210000000,0.00003394210000000,0.00002077010000000,0.00001159100000000,0.00000662571000000,0.00000273812000000,0.00000758455000000,0.00007171860000000,0.00000000000000000,0.00004926900000000,0.00005952680000000,0.00006409300000000,0.00000914802000000,0.00000828225000000,0.00004806670000000,0.00002816770000000,0.00000000000000000,0.00007736360000000
GLUCARDEG-PWY: D-glucarate degradation I,0.00007977200000000,0.00008110850000000,0.00001496170000000,0.00008657710000000,0.00000464765000000,0.00000980100000000,0.00001045780000000,0.00000970648000000,0.00002026920000000,0.00003603620000000,0.00002557970000000,0.00002631810000000,0.00000992600000000,0.00000282324000000,0.00001115630000000,0.00001632560000000,0.00000911002000000,0.00003779480000000,0.00007027190000000,0.00003156290000000,0.00003231650000000,0.00003916900000000,0.00002883490000000,0.00001951490000000,0.00003106660000000,0.00002170820000000,0.00007246040000000,0.00002944700000000
GLUCARGALACTSUPER-PWY: superpathway of D-glucarate and D-galactarate degradation,0.00000000000000000,0.00009357530000000,0.00002131150000000,0.00000000000000000,0.00000814281000000,0.00001807370000000,0.00001201250000000,0.00001997920000000,0.00002666030000000,0.00004625640000000,0.00003318360000000,0.00003162340000000,0.00001485460000000,0.00001034030000000,0.00001476960000000,0.00002238220000000,0.00000953820000000,0.00003271330000000,0.00006032910000000,0.00002702670000000,0.00002901990000000,0.00003494940000000,0.00002883490000000,0.00001549110000000,0.00002661300000000,0.00001356660000000,0.00008244510000000,0.00004416520000000
GLUCONEO-PWY: gluconeogenesis I,0.00000000000000000,0.00000000000000000,0.00000000000000000,0.00000000000000000,0.00000000000000000,0.00000000000000000,0.00000000000000000,0.00000000000000000,0.00000000000000000,0.00000000000000000,0.00000000000000000,0.00000000000000000,0.00000000000000000,0.00000000000000000,0.00000000000000000,0.00000000000000000,0.00000000000000000,0.00005461290000000,0.00006519570000000,0.00006323010000000,0.00007480760000000,0.00008109110000000,0.00000000000000000,0.00000000000000000,0.00005577320000000,0.00000000000000000,0.00000000000000000,0.00000000000000000
GLUCOSE1PMETAB-PWY: glucose and glucose-1-phosphate degradation,0.00007643800000000,0.00000000000000000,0.00000228886000000,0.00000000000000000,0.00000609643000000,0.00000607298000000,0.00000000000000000,0.00000000000000000,0.00000067470100000,0.00002873080000000,0.00002591900000000,0.00002361860000000,0.00000120226000000,0.00000000000000000,0.00000297689000000,0.00000350306000000,0.00000000000000000,0.00000000000000000,0.00000203894000000,0.00000000000000000,0.00000028632300000,0.00000153430000000,0.00000000000000000,0.00000000000000000,0.00000041256600000,0.00000000000000000,0.00008825950000000,0.00006324530000000
GLUCUROCAT-PWY: superpathway of &beta;-D-glucuronide and D-glucuronate degradation,0.00000000000000000,0.00000000000000000,0.00005340230000000,0.00000000000000000,0.00006185790000000,0.00003979340000000,0.00009754270000000,0.00000000000000000,0.00000000000000000,0.00009017400000000,0.00008425260000000,0.00008069070000000,0.00000000000000000,0.00009939860000000,0.00007392710000000,0.00007599890000000,0.00005664060000000,0.00001799600000000,0.00002864600000000,0.00002068550000000,0.00002390770000000,0.00002018800000000,0.00003830170000000,0.00002764630000000,0.00001868990000000,0.00003794740000000,0.00000000000000000,0.00008281820000000
GLUDEG-I-PWY: GABA shunt,0.00001661050000000,0.00002027550000000,0.00000283082000000,0.00002080510000000,0.00000476192000000,0.00000546394000000,0.00000295092000000,0.00000397749000000,0.00000316178000000,0.00000653096000000,0.00000869691000000,0.00000891224000000,0.00000419278000000,0.00000349608000000,0.00000107127000000,0.00000210302000000,0.00000104729000000,0.00000000000000000,0.00000055938500000,0.00000250824000000,0.00000000000000000,0.00000000000000000,0.00001137130000000,0.00000673933000000,0.00000039398400000,0.00000763110000000,0.00001074780000000,0.00001003320000000
GLUDEG-II-PWY: L-glutamate degradation VII (to butanoate),0.00001173910000000,0.00001400410000000,0.00000730762000000,0.00001281880000000,0.00000485721000000,0.00000457450000000,0.00000170916000000,0.00000225544000000,0.00000371200000000,0.00000953984000000,0.00000624674000000,0.00000572323000000,0.00000132857000000,0.00000115789000000,0.00000266188000000,0.00000268927000000,0.00000562951000000,0.00000000000000000,0.00000069387300000,0.00000000000000000,0.00000000000000000,0.00000000000000000,0.00000399939000000,0.00000324455000000,0.00000014441600000,0.00000660357000000,0.00001442190000000,0.00000955523000000
GLUTORN-PWY: L-ornithine biosynthesis,0.00000000000000000,0.00000000000000000,0.00000000000000000,0.00000000000000000,0.00000000000000000,0.00000000000000000,0.00000000000000000,0.00009075620000000,0.00000000000000000,0.00000000000000000,0.00000000000000000,0.00000000000000000,0.00000000000000000,0.00000000000000000,0.00000000000000000,0.00000000000000000,0.00000000000000000,0.00000000000000000,0.00000000000000000,0.00000000000000000,0.00000000000000000,0.00000000000000000,0.00000000000000000,0.00000000000000000,0.00000000000000000,0.00000000000000000,0.00000000000000000,0.00000000000000000
GLYCOCAT-PWY: glycogen degradation I (bacterial),0.00003123120000000,0.00004081900000000,0.00000528610000000,0.00006254450000000,0.00000264051000000,0.00002178370000000,0.00000804537000000,0.00000569241000000,0.00001085270000000,0.00001948970000000,0.00001802960000000,0.00000811953000000,0.00000700868000000,0.00002299680000000,0.00000903320000000,0.00000406346000000,0.00000000000000000,0.00000000000000000,0.00000000000000000,0.00000000000000000,0.00000000000000000,0.00000304791000000,0.00000153846000000,0.00000077925600000,0.00000000000000000,0.00000139312000000,0.00007320500000000,0.00002091110000000
GLYCOGENSYNTH-PWY: glycogen biosynthesis I (from ADP-D-Glucose),0.00000000000000000,0.00000000000000000,0.00005635450000000,0.00000000000000000,0.00007927350000000,0.00005740440000000,0.00000000000000000,0.00000000000000000,0.00000000000000000,0.00005670660000000,0.00006122970000000,0.00006483880000000,0.00000000000000000,0.00000000000000000,0.00006415300000000,0.00006687370000000,0.00006971110000000,0.00001207510000000,0.00002493550000000,0.00001847300000000,0.00001734630000000,0.00001958240000000,0.00005537740000000,0.00004167030000000,0.00001730260000000,0.00006762190000000,0.00000000000000000,0.00006252750000000
GLYCOL-GLYOXDEG-PWY: superpathway of glycol metabolism and degradation,0.00000859870000000,0.00001262250000000,0.00000161473000000,0.00001498480000000,0.00000000000000000,0.00000023227900000,0.00000059019800000,0.00000264904000000,0.00000096950700000,0.00001864310000000,0.00001752240000000,0.00001396000000000,0.00000073994500000,0.00000204409000000,0.00000039099300000,0.00000023197100000,0.00000069848300000,0.00000000000000000,0.00000130729000000,0.00000200053000000,0.00000000000000000,0.00000000000000000,0.00000208930000000,0.00000130839000000,0.00000101991000000,0.00000000000000000,0.00000374283000000,0.00003552160000000
GLYCOLYSIS-E-D: superpathway of glycolysis and Entner-Doudoroff,0.00009105630000000,0.00000000000000000,0.00004869690000000,0.00000000000000000,0.00006699810000000,0.00006369020000000,0.00006892230000000,0.00006537890000000,0.00006976500000000,0.00004384780000000,0.00003714260000000,0.00003882370000000,0.00005782930000000,0.00006959480000000,0.00006371080000000,0.00006868890000000,0.00004819500000000,0.00001363280000000,0.00001709930000000,0.00001525120000000,0.00002648540000000,0.00001936330000000,0.00004561590000000,0.00004535050000000,0.00001352020000000,0.00005820530000000,0.00000000000000000,0.00006321570000000
"GLYCOLYSIS-TCA-GLYOX-BYPASS: superpathway of glycolysis, pyruvate dehydrogenase, TCA, and glyoxylate bypass",0.00009141900000000,0.00000000000000000,0.00000195490000000,0.00000000000000000,0.00000681948000000,0.00001099980000000,0.00000000000000000,0.00000000000000000,0.00000000000000000,0.00003433010000000,0.00003085510000000,0.00002850400000000,0.00000147015000000,0.00000000000000000,0.00000314956000000,0.00000000000000000,0.00000618194000000,0.00000000000000000,0.00000285625000000,0.00000000000000000,0.00000129760000000,0.00000000000000000,0.00000378740000000,0.00000663217000000,0.00000182889000000,0.00000854020000000,0.00000000000000000,0.00005584460000000
GLYCOLYSIS: glycolysis I (from glucose 6-phosphate),0.00000000000000000,0.00000000000000000,0.00000000000000000,0.00000000000000000,0.00000000000000000,0.00000000000000000,0.00000000000000000,0.00000000000000000,0.00000000000000000,0.00000000000000000,0.00000000000000000,0.00000000000000000,0.00000000000000000,0.00000000000000000,0.00000000000000000,0.00000000000000000,0.00000000000000000,0.00000000000000000,0.00000000000000000,0.00000000000000000,0.00000000000000000,0.00000000000000000,0.00000000000000000,0.00000000000000000,0.00000000000000000,0.00000000000000000,0.00000000000000000,0.00000000000000000
GLYOXYLATE-BYPASS: glyoxylate cycle,0.00005233950000000,0.00006560740000000,0.00000065814400000,0.00008241830000000,0.00000298798000000,0.00000477869000000,0.00000059714300000,0.00000297727000000,0.00000103633000000,0.00002017290000000,0.00001759300000000,0.00001563170000000,0.00000037274900000,0.00000000000000000,0.00000119113000000,0.00000030234900000,0.00000394183000000,0.00000000000000000,0.00000095816900000,0.00000000000000000,0.00000053180800000,0.00000000000000000,0.00000576816000000,0.00000336121000000,0.00000074014700000,0.00000563137000000,0.00006470100000000,0.00003629380000000
"GOLPDLCAT-PWY: superpathway of glycerol degradation to 1,3-propanediol",0.00005927390000000,0.00006079000000000,0.00000982059000000,0.00004794230000000,0.00000524217000000,0.00000989218000000,0.00000871644000000,0.00000587215000000,0.00000994885000000,0.00003459880000000,0.00003698040000000,0.00003363260000000,0.00000438968000000,0.00000575660000000,0.00000706023000000,0.00000666324000000,0.00001445540000000,0.00001013300000000,0.00001465020000000,0.00001412190000000,0.00001332790000000,0.00001420490000000,0.00001163830000000,0.00001072750000000,0.00001072860000000,0.00002267900000000,0.00005956760000000,0.00003762850000000
HCAMHPDEG-PWY: 3-phenylpropanoate and 3-(3-hydroxyphenyl)propanoate degradation to 2-oxopent-4-enoate,0.00000949503000000,0.00001505720000000,0.00000000000000000,0.00002348450000000,0.00000057966300000,0.00000069602700000,0.00000000000000000,0.00000000000000000,0.00000000000000000,0.00000521359000000,0.00000529847000000,0.00000603678000000,0.00000000000000000,0.00000000000000000,0.00000029984700000,0.00000000000000000,0.00000000000000000,0.00000000000000000,0.00000000000000000,0.00000000000000000,0.00000000000000000,0.00000000000000000,0.00000000000000000,0.00000000000000000,0.00000000000000000,0.00000000000000000,0.00002279790000000,0.00000834377000000
HEME-BIOSYNTHESIS-II: heme biosynthesis I (aerobic),0.00003215390000000,0.00003577250000000,0.00000146961000000,0.00001939820000000,0.00000294466000000,0.00000246973000000,0.00000153231000000,0.00000136908000000,0.00000188530000000,0.00001373720000000,0.00001587420000000,0.00001529460000000,0.00000000000000000,0.00000152429000000,0.00000207312000000,0.00000148533000000,0.00000742091000000,0.00000547246000000,0.00000579382000000,0.00000637329000000,0.00000728214000000,0.00000795932000000,0.00000605958000000,0.00001018440000000,0.00000543485000000,0.00001218800000000,0.00005443380000000,0.00002084270000000
HEMESYN2-PWY: heme biosynthesis II (anaerobic),0.00004118230000000,0.00005064320000000,0.00000000000000000,0.00006772420000000,0.00000232338000000,0.00000214989000000,0.00000207386000000,0.00000191651000000,0.00000120037000000,0.00002506280000000,0.00002519630000000,0.00002541720000000,0.00000325903000000,0.00000809733000000,0.00000069743600000,0.00000153748000000,0.00000846319000000,0.00000536727000000,0.00000574492000000,0.00000629998000000,0.00000718065000000,0.00000779863000000,0.00000699137000000,0.00001118060000000,0.00000530555000000,0.00001325270000000,0.00007106480000000,0.00002899190000000
HEXITOLDEGSUPER-PWY: superpathway of hexitol degradation (bacteria),0.00000000000000000,0.00000000000000000,0.00002063860000000,0.00000000000000000,0.00001523890000000,0.00005534980000000,0.00000649520000000,0.00000000000000000,0.00000697829000000,0.00005605380000000,0.00005826200000000,0.00004516690000000,0.00000619456000000,0.00004259790000000,0.00002648410000000,0.00002426710000000,0.00005393450000000,0.00001489890000000,0.00001501660000000,0.00001611030000000,0.00002253190000000,0.00000967056000000,0.00003746010000000,0.00003389210000000,0.00001389910000000,0.00005435030000000,0.00000000000000000,0.00008069710000000
HISDEG-PWY: L-histidine degradation I,0.00000831190000000,0.00000976123000000,0.00000000000000000,0.00000000000000000,0.00000000000000000,0.00000000000000000,0.00000000000000000,0.00000000000000000,0.00000000000000000,0.00001118840000000,0.00000946481000000,0.00000905697000000,0.00000000000000000,0.00000000000000000,0.00000000000000000,0.00000000000000000,0.00000000000000000,0.00000000000000000,0.00000000000000000,0.00000000000000000,0.00000000000000000,0.00000000000000000,0.00000000000000000,0.00000000000000000,0.00000000000000000,0.00000000000000000,0.00002664120000000,0.00001122770000000
HISTSYN-PWY: L-histidine biosynthesis,0.00000000000000000,0.00000000000000000,0.00000000000000000,0.00000000000000000,0.00000000000000000,0.00000000000000000,0.00000000000000000,0.00000000000000000,0.00000000000000000,0.00000000000000000,0.00000000000000000,0.00000000000000000,0.00000000000000000,0.00000000000000000,0.00000000000000000,0.00000000000000000,0.00000000000000000,0.00000000000000000,0.00000000000000000,0.00000000000000000,0.00000000000000000,0.00000000000000000,0.00000000000000000,0.00000000000000000,0.00000000000000000,0.00000000000000000,0.00000000000000000,0.00000000000000000
HOMOSER-METSYN-PWY: L-methionine biosynthesis I,0.00009491430000000,0.00000000000000000,0.00007612180000000,0.00000000000000000,0.00008613600000000,0.00008415480000000,0.00000000000000000,0.00000000000000000,0.00009179520000000,0.00005158140000000,0.00004213280000000,0.00004824330000000,0.00000000000000000,0.00000000000000000,0.00007394010000000,0.00007956350000000,0.00006813910000000,0.00003369770000000,0.00003936490000000,0.00002834470000000,0.00003134080000000,0.00003483240000000,0.00006602090000000,0.00004946490000000,0.00002360170000000,0.00005377500000000,0.00000000000000000,0.00008421170000000
HSERMETANA-PWY: L-methionine biosynthesis III,0.00006211040000000,0.00005992120000000,0.00003674460000000,0.00000000000000000,0.00005666420000000,0.00007519750000000,0.00000000000000000,0.00000000000000000,0.00000000000000000,0.00003501880000000,0.00003430080000000,0.00004127920000000,0.00000000000000000,0.00008366030000000,0.00007220620000000,0.00007131170000000,0.00009070750000000,0.00005598220000000,0.00006575480000000,0.00005295530000000,0.00005134950000000,0.00005363980000000,0.00007321950000000,0.00006684040000000,0.00004731600000000,0.00005413140000000,0.00009511480000000,0.00003554740000000
ILEUSYN-PWY: L-isoleucine biosynthesis I (from threonine),0.00000000000000000,0.00000000000000000,0.00000000000000000,0.00000000000000000,0.00000000000000000,0.00000000000000000,0.00000000000000000,0.00000000000000000,0.00000000000000000,0.00000000000000000,0.00000000000000000,0.00000000000000000,0.00000000000000000,0.00000000000000000,0.00000000000000000,0.00000000000000000,0.00000000000000000,0.00000000000000000,0.00000000000000000,0.00000000000000000,0.00000000000000000,0.00000000000000000,0.00000000000000000,0.00000000000000000,0.00000000000000000,0.00000000000000000,0.00000000000000000,0.00000000000000000
KDO-NAGLIPASYN-PWY: superpathway of (Kdo)2-lipid A biosynthesis,0.00000585780000000,0.00001013510000000,0.00000000000000000,0.00000406610000000,0.00000000000000000,0.00000024309600000,0.00000000000000000,0.00000000000000000,0.00000000000000000,0.00000947654000000,0.00000396951000000,0.00000686845000000,0.00000021815000000,0.00000000000000000,0.00000032420400000,0.00000000000000000,0.00000000000000000,0.00000000000000000,0.00000000000000000,0.00000000000000000,0.00000000000000000,0.00000000000000000,0.00000000000000000,0.00000000000000000,0.00000000000000000,0.00000000000000000,0.00000000000000000,0.00001385540000000
KETOGLUCONMET-PWY: ketogluconate metabolism,0.00004898020000000,0.00005032720000000,0.00000492779000000,0.00006052610000000,0.00000317333000000,0.00000261298000000,0.00000104748000000,0.00000673998000000,0.00000981296000000,0.00001450680000000,0.00001564200000000,0.00001208770000000,0.00000468914000000,0.00000484126000000,0.00000158588000000,0.00000638018000000,0.00000117105000000,0.00000000000000000,0.00000263293000000,0.00000000000000000,0.00000000000000000,0.00000000000000000,0.00000150613000000,0.00000000000000000,0.00000101245000000,0.00000276507000000,0.00006356380000000,0.00001829820000000
LACTOSECAT-PWY: lactose and galactose degradation I,0.00009313780000000,0.00009840630000000,0.00003666850000000,0.00006427440000000,0.00002108840000000,0.00003047700000000,0.00003234340000000,0.00003999940000000,0.00004335800000000,0.00004816240000000,0.00004584960000000,0.00004260310000000,0.00003369810000000,0.00003152980000000,0.00003073210000000,0.00002885860000000,0.00003309830000000,0.00002573620000000,0.00003609330000000,0.00002018830000000,0.00002757640000000,0.00002513250000000,0.00002734150000000,0.00001912540000000,0.00001841780000000,0.00003311000000000,0.00007374650000000,0.00004277760000000
LPSSYN-PWY: superpathway of lipopolysaccharide biosynthesis,0.00000117027000000,0.00000402160000000,0.00000000000000000,0.00000000000000000,0.00000000000000000,0.00000057226500000,0.00000000000000000,0.00000000000000000,0.00000000000000000,0.00000301997000000,0.00000000000000000,0.00000000000000000,0.00000000000000000,0.00000000000000000,0.00000000000000000,0.00000000000000000,0.00000000000000000,0.00000000000000000,0.00000000000000000,0.00000000000000000,0.00000000000000000,0.00000000000000000,0.00000000000000000,0.00000000000000000,0.00000000000000000,0.00000000000000000,0.00000000000000000,0.00001303510000000
LYSINE-AMINOAD-PWY: L-lysine biosynthesis IV,0.00000000000000000,0.00000000000000000,0.00000000000000000,0.00000000000000000,0.00000000000000000,0.00000221655000000,0.00000238870000000,0.00000000000000000,0.00000231047000000,0.00000169125000000,0.00000000000000000,0.00000210812000000,0.00000281159000000,0.00000000000000000,0.00000000000000000,0.00000156137000000,0.00000000000000000,0.00000000000000000,0.00000000000000000,0.00000000000000000,0.00000000000000000,0.00000000000000000,0.00000086538600000,0.00000000000000000,0.00000000000000000,0.00000000000000000,0.00000000000000000,0.00000152146000000
MET-SAM-PWY: superpathway of S-adenosyl-L-methionine biosynthesis,0.00000000000000000,0.00000000000000000,0.00000000000000000,0.00000000000000000,0.00000000000000000,0.00000000000000000,0.00000000000000000,0.00000000000000000,0.00000000000000000,0.00008752120000000,0.00007298140000000,0.00008266540000000,0.00000000000000000,0.00000000000000000,0.00000000000000000,0.00000000000000000,0.00000000000000000,0.00006027010000000,0.00006734810000000,0.00005275700000000,0.00005860800000000,0.00006481100000000,0.00009961060000000,0.00007687110000000,0.00004190980000000,0.00008771450000000,0.00000000000000000,0.00000000000000000
METHANOGENESIS-PWY: methanogenesis from H2 and CO2,0.00000000000000000,0.00000000000000000,0.00000000000000000,0.00000000000000000,0.00000000000000000,0.00000237770000000,0.00000000000000000,0.00000000000000000,0.00000000000000000,0.00000000000000000,0.00000000000000000,0.00000000000000000,0.00000000000000000,0.00000000000000000,0.00000000000000000,0.00000000000000000,0.00000000000000000,0.00000000000000000,0.00000000000000000,0.00000000000000000,0.00000000000000000,0.00000000000000000,0.00000000000000000,0.00000000000000000,0.00000000000000000,0.00000000000000000,0.00000000000000000,0.00000000000000000
METHGLYUT-PWY: superpathway of methylglyoxal degradation,0.00001887500000000,0.00002594610000000,0.00000192243000000,0.00001333960000000,0.00000452086000000,0.00000488282000000,0.00000482432000000,0.00000340072000000,0.00000415414000000,0.00001457100000000,0.00001364370000000,0.00001209630000000,0.00000301673000000,0.00000433276000000,0.00000202317000000,0.00000187625000000,0.00001018580000000,0.00000000000000000,0.00000069036100000,0.00000101262000000,0.00000147370000000,0.00000327666000000,0.00000971648000000,0.00001182170000000,0.00000233254000000,0.00001697460000000,0.00001394460000000,0.00001493870000000
METHYLGALLATE-DEGRADATION-PWY: methylgallate degradation,0.00000000000000000,0.00000000000000000,0.00000000000000000,0.00000000000000000,0.00000000000000000,0.00000000000000000,0.00000000000000000,0.00000000000000000,0.00000000000000000,0.00000000000000000,0.00000000000000000,0.00000000000000000,0.00000000000000000,0.00000000000000000,0.00000000000000000,0.00000000000000000,0.00000000000000000,0.00000000000000000,0.00000000000000000,0.00000000000000000,0.00000000000000000,0.00000000000000000,0.00000000000000000,0.00000000000000000,0.00000000000000000,0.00000000000000000,0.00000000000000000,0.00000000000000000
METSYN-PWY: L-homoserine and L-methionine biosynthesis,0.00000000000000000,0.00000000000000000,0.00000000000000000,0.00000000000000000,0.00000000000000000,0.00000000000000000,0.00000000000000000,0.00000000000000000,0.00000000000000000,0.00008865230000000,0.00007437980000000,0.00008293120000000,0.00000000000000000,0.00000000000000000,0.00000000000000000,0.00000000000000000,0.00000000000000000,0.00005861670000000,0.00006950410000000,0.00005110340000000,0.00005603640000000,0.00006164510000000,0.00000000000000000,0.00008166010000000,0.00004267820000000,0.00008904100000000,0.00000000000000000,0.00000000000000000
NAD-BIOSYNTHESIS-II: NAD salvage pathway II,0.00004169140000000,0.00006134280000000,0.00000061182500000,0.00006455130000000,0.00000106995000000,0.00000828089000000,0.00000000000000000,0.00000444755000000,0.00000000000000000,0.00002102540000000,0.00001860130000000,0.00001473560000000,0.00000024483000000,0.00000126366000000,0.00000125542000000,0.00000000000000000,0.00000000000000000,0.00000000000000000,0.00000000000000000,0.00000000000000000,0.00000057542800000,0.00000000000000000,0.00000000000000000,0.00000000000000000,0.00000020866900000,0.00000000000000000,0.00006320710000000,0.00002206120000000
NAGLIPASYN-PWY: lipid IVA biosynthesis,0.00002789130000000,0.00003758940000000,0.00000227867000000,0.00007429170000000,0.00000319916000000,0.00000314576000000,0.00000148866000000,0.00000385607000000,0.00000578023000000,0.00001775740000000,0.00001700040000000,0.00001870580000000,0.00000312147000000,0.00000189894000000,0.00000423944000000,0.00000274249000000,0.00001888590000000,0.00000597521000000,0.00000698944000000,0.00000956928000000,0.00000802066000000,0.00001444100000000,0.00002000930000000,0.00002383560000000,0.00000517435000000,0.00002238720000000,0.00006868070000000,0.00002008220000000
NONMEVIPP-PWY: methylerythritol phosphate pathway I,0.00000000000000000,0.00000000000000000,0.00000000000000000,0.00000000000000000,0.00000000000000000,0.00000000000000000,0.00000000000000000,0.00000000000000000,0.00000000000000000,0.00000000000000000,0.00000000000000000,0.00000000000000000,0.00000000000000000,0.00000000000000000,0.00000000000000000,0.00000000000000000,0.00000000000000000,0.00000000000000000,0.00000000000000000,0.00000000000000000,0.00000000000000000,0.00000000000000000,0.00000000000000000,0.00000000000000000,0.00000000000000000,0.00000000000000000,0.00000000000000000,0.00000000000000000
NONOXIPENT-PWY: pentose phosphate pathway (non-oxidative branch),0.00000000000000000,0.00000000000000000,0.00000000000000000,0.00000000000000000,0.00000000000000000,0.00000000000000000,0.00000000000000000,0.00000000000000000,0.00000000000000000,0.00000000000000000,0.00000000000000000,0.00000000000000000,0.00000000000000000,0.00000000000000000,0.00000000000000000,0.00000000000000000,0.00000000000000000,0.00000000000000000,0.00000000000000000,0.00000000000000000,0.00000000000000000,0.00000000000000000,0.00000000000000000,0.00000000000000000,0.00000000000000000,0.00000000000000000,0.00000000000000000,0.00000000000000000
OANTIGEN-PWY: O-antigen building blocks biosynthesis (E. coli),0.00000000000000000,0.00000000000000000,0.00002534460000000,0.00000000000000000,0.00002850660000000,0.00003755680000000,0.00002063240000000,0.00005167150000000,0.00004165840000000,0.00008712360000000,0.00008967730000000,0.00008591670000000,0.00004219410000000,0.00004997890000000,0.00003224490000000,0.00002239630000000,0.00006196090000000,0.00004509150000000,0.00005794460000000,0.00004636190000000,0.00007318430000000,0.00006126370000000,0.00007041290000000,0.00007117410000000,0.00004923880000000,0.00007772830000000,0.00000000000000000,0.00000000000000000
ORNARGDEG-PWY: superpathway of L-arginine and L-ornithine degradation,0.00001354870000000,0.00002446860000000,0.00000046860900000,0.00002576050000000,0.00000099364400000,0.00000108555000000,0.00000000000000000,0.00000000000000000,0.00000000000000000,0.00000914207000000,0.00000732394000000,0.00000739875000000,0.00000000000000000,0.00000000000000000,0.00000040564600000,0.00000000000000000,0.00000000000000000,0.00000000000000000,0.00000000000000000,0.00000000000000000,0.00000000000000000,0.00000000000000000,0.00000000000000000,0.00000000000000000,0.00000000000000000,0.00000000000000000,0.00001220440000000,0.00001164470000000
ORNDEG-PWY: superpathway of ornithine degradation,0.00002273280000000,0.00003096470000000,0.00000050520200000,0.00004428550000000,0.00000118785000000,0.00000219186000000,0.00000000000000000,0.00000000000000000,0.00000000000000000,0.00000761314000000,0.00000465727000000,0.00000570955000000,0.00000000000000000,0.00000000000000000,0.00000092394600000,0.00000000000000000,0.00000000000000000,0.00000000000000000,0.00000000000000000,0.00000000000000000,0.00000000000000000,0.00000000000000000,0.00000000000000000,0.00000000000000000,0.00000000000000000,0.00000000000000000,0.00003704680000000,0.00001420030000000
P101-PWY: ectoine biosynthesis,0.00000000000000000,0.00000000000000000,0.00000000000000000,0.00000000000000000,0.00000000000000000,0.00000000000000000,0.00000000000000000,0.00000000000000000,0.00000000000000000,0.00000000000000000,0.00000000000000000,0.00000693138000000,0.00000000000000000,0.00000000000000000,0.00000000000000000,0.00000000000000000,0.00000000000000000,0.00000000000000000,0.00000000000000000,0.00000000000000000,0.00000000000000000,0.00000000000000000,0.00000000000000000,0.00000000000000000,0.00000000000000000,0.00000000000000000,0.00000000000000000,0.00000000000000000
P105-PWY: TCA cycle IV (2-oxoglutarate decarboxylase),0.00007088690000000,0.00008377270000000,0.00000000000000000,0.00000000000000000,0.00000601978000000,0.00000950927000000,0.00000136510000000,0.00000000000000000,0.00000000000000000,0.00003800110000000,0.00003458750000000,0.00003270270000000,0.00000071762300000,0.00000000000000000,0.00000269292000000,0.00000000000000000,0.00000000000000000,0.00000000000000000,0.00000000000000000,0.00000000000000000,0.00000000000000000,0.00000000000000000,0.00000000000000000,0.00000000000000000,0.00000152357000000,0.00000000000000000,0.00009233680000000,0.00005144650000000
P108-PWY: pyruvate fermentation to propanoate I,0.00002127280000000,0.00003528850000000,0.00000000000000000,0.00000000000000000,0.00000000000000000,0.00000000000000000,0.00004724370000000,0.00000000000000000,0.00000000000000000,0.00008421350000000,0.00007209310000000,0.00008377760000000,0.00000000000000000,0.00000000000000000,0.00000000000000000,0.00000000000000000,0.00000000000000000,0.00000000000000000,0.00000000000000000,0.00000000000000000,0.00000000000000000,0.00000000000000000,0.00000000000000000,0.00000000000000000,0.00000000000000000,0.00000000000000000,0.00002474150000000,0.00006288200000000
P122-PWY: heterolactic fermentation,0.00006766700000000,0.00007208770000000,0.00003126470000000,0.00008880150000000,0.00003125370000000,0.00003004290000000,0.00005683620000000,0.00006286290000000,0.00005288670000000,0.00004629190000000,0.00005505500000000,0.00005262380000000,0.00005124910000000,0.00007932660000000,0.00003159870000000,0.00003059610000000,0.00001881040000000,0.00000522063000000,0.00001305280000000,0.00001314970000000,0.00001017360000000,0.00001260890000000,0.00002297900000000,0.00002167680000000,0.00000865020000000,0.00003465240000000,0.00006728160000000,0.00005274890000000
P124-PWY: Bifidobacterium shunt,0.00000000000000000,0.00000000000000000,0.00004892440000000,0.00007726570000000,0.00003844540000000,0.00003252300000000,0.00007473840000000,0.00000000000000000,0.00000000000000000,0.00004467760000000,0.00000000000000000,0.00000000000000000,0.00006711270000000,0.00000000000000000,0.00003975720000000,0.00003666280000000,0.00002485970000000,0.00000320349000000,0.00000864891000000,0.00000896468000000,0.00000646005000000,0.00000820923000000,0.00003919630000000,0.00002404420000000,0.00000557092000000,0.00003301530000000,0.00008405630000000,0.00007715270000000
"P125-PWY: superpathway of (R,R)-butanediol biosynthesis",0.00000072741500000,0.00000061608700000,0.00000000000000000,0.00000026816700000,0.00000000000000000,0.00000000000000000,0.00000000000000000,0.00000000000000000,0.00000000000000000,0.00000051961000000,0.00000057143100000,0.00000054397900000,0.00000000000000000,0.00000000000000000,0.00000000000000000,0.00000000000000000,0.00000000000000000,0.00000000000000000,0.00000000000000000,0.00000000000000000,0.00000000000000000,0.00000000000000000,0.00000000000000000,0.00000000000000000,0.00000000000000000,0.00000000000000000,0.00000038849900000,0.00000000000000000
P161-PWY: acetylene degradation,0.00000000000000000,0.00000000000000000,0.00007854890000000,0.00000000000000000,0.00005497570000000,0.00008540780000000,0.00000000000000000,0.00000000000000000,0.00000000000000000,0.00000000000000000,0.00000000000000000,0.00000000000000000,0.00009677700000000,0.00006820620000000,0.00007499960000000,0.00008308710000000,0.00006876780000000,0.00007986850000000,0.00000000000000000,0.00007866340000000,0.00008943020000000,0.00007628780000000,0.00004221250000000,0.00004116610000000,0.00006615820000000,0.00005156550000000,0.00000000000000000,0.00000000000000000
P162-PWY: L-glutamate degradation V (via hydroxyglutarate),0.00004091900000000,0.00004578160000000,0.00001211250000000,0.00000742838000000,0.00001743170000000,0.00001701660000000,0.00001739090000000,0.00002858530000000,0.00003000090000000,0.00001054290000000,0.00001324090000000,0.00000913196000000,0.00002480500000000,0.00001481960000000,0.00001422720000000,0.00001276670000000,0.00002135480000000,0.00001262020000000,0.00001688070000000,0.00001074210000000,0.00001946620000000,0.00001515660000000,0.00002427210000000,0.00001133400000000,0.00001428660000000,0.00001704150000000,0.00001689210000000,0.00001129340000000
P163-PWY: L-lysine fermentation to acetate and butanoate,0.00007057580000000,0.00005617060000000,0.00002076750000000,0.00004335280000000,0.00000777042000000,0.00002431860000000,0.00001836770000000,0.00001965220000000,0.00003523030000000,0.00003078540000000,0.00002270000000000,0.00002180190000000,0.00001790760000000,0.00001131310000000,0.00001082100000000,0.00001686540000000,0.00000869814000000,0.00004396460000000,0.00005793370000000,0.00005038720000000,0.00004727670000000,0.00004826680000000,0.00001101730000000,0.00000683280000000,0.00004332160000000,0.00001347790000000,0.00003394120000000,0.00001373560000000
P164-PWY: purine nucleobases degradation I (anaerobic),0.00006442220000000,0.00007392110000000,0.00001874420000000,0.00004225080000000,0.00001392620000000,0.00002289230000000,0.00001298340000000,0.00002038020000000,0.00002750350000000,0.00003466480000000,0.00003722540000000,0.00003925690000000,0.00001667170000000,0.00002908170000000,0.00001744470000000,0.00001642280000000,0.00002038200000000,0.00002986970000000,0.00004378710000000,0.00003451030000000,0.00003220200000000,0.00003647450000000,0.00003794380000000,0.00003956770000000,0.00002561530000000,0.00004713590000000,0.00004804210000000,0.00004275610000000
P185-PWY: formaldehyde assimilation III (dihydroxyacetone cycle),0.00008887820000000,0.00008521550000000,0.00002037240000000,0.00004062050000000,0.00002914430000000,0.00003281080000000,0.00002614180000000,0.00003790400000000,0.00003496060000000,0.00007490620000000,0.00006208650000000,0.00006036810000000,0.00003808460000000,0.00002913630000000,0.00002045430000000,0.00001977780000000,0.00005248010000000,0.00000000000000000,0.00000000000000000,0.00000000000000000,0.00000000000000000,0.00000000000000000,0.00002470520000000,0.00001905950000000,0.00000000000000000,0.00006523370000000,0.00007552340000000,0.00006428780000000
P221-PWY: octane oxidation,0.00000098834100000,0.00000106082000000,0.00000134186000000,0.00000112691000000,0.00000550314000000,0.00000067676400000,0.00001656830000000,0.00001175370000000,0.00001756580000000,0.00000023846000000,0.00000072848000000,0.00000124712000000,0.00001668120000000,0.00000648914000000,0.00000573805000000,0.00000689239000000,0.00000153774000000,0.00000064907400000,0.00000118236000000,0.00000055652400000,0.00000060304000000,0.00000069246700000,0.00000053995700000,0.00000030997900000,0.00000051821100000,0.00000109230000000,0.00000020666000000,0.00000080269300000
P23-PWY: reductive TCA cycle I,0.00005097420000000,0.00005243150000000,0.00000174920000000,0.00004041100000000,0.00000122789000000,0.00000283222000000,0.00000000000000000,0.00000000000000000,0.00000038417500000,0.00002691390000000,0.00002163630000000,0.00002286770000000,0.00000000000000000,0.00000000000000000,0.00000064142800000,0.00000211790000000,0.00000000000000000,0.00000493686000000,0.00000103436000000,0.00000000000000000,0.00000043427500000,0.00000000000000000,0.00000000000000000,0.00000647564000000,0.00000286147000000,0.00000504049000000,0.00009128490000000,0.00003461210000000
P241-PWY: coenzyme B biosynthesis,0.00000000000000000,0.00000000000000000,0.00000000000000000,0.00000000000000000,0.00000000000000000,0.00000275332000000,0.00000307033000000,0.00000000000000000,0.00000279902000000,0.00000242074000000,0.00000000000000000,0.00000394392000000,0.00000350707000000,0.00000000000000000,0.00000000000000000,0.00000219444000000,0.00000000000000000,0.00000000000000000,0.00000000000000000,0.00000000000000000,0.00000000000000000,0.00000000000000000,0.00000125648000000,0.00000000000000000,0.00000000000000000,0.00000000000000000,0.00000000000000000,0.00000277504000000
P261-PWY: coenzyme M biosynthesis I,0.00000000000000000,0.00000000000000000,0.00000000000000000,0.00000000000000000,0.00000000000000000,0.00000197506000000,0.00000000000000000,0.00000000000000000,0.00000000000000000,0.00000000000000000,0.00000000000000000,0.00000000000000000,0.00000000000000000,0.00000000000000000,0.00000000000000000,0.00000000000000000,0.00000000000000000,0.00000000000000000,0.00000000000000000,0.00000000000000000,0.00000000000000000,0.00000000000000000,0.00000000000000000,0.00000000000000000,0.00000000000000000,0.00000000000000000,0.00000000000000000,0.00000000000000000
P3-PWY: gallate degradation III (anaerobic),0.00000000000000000,0.00000000000000000,0.00000000000000000,0.00000000000000000,0.00000000000000000,0.00000000000000000,0.00000000000000000,0.00000000000000000,0.00000000000000000,0.00000000000000000,0.00000000000000000,0.00000000000000000,0.00000000000000000,0.00000000000000000,0.00000000000000000,0.00000000000000000,0.00000172393000000,0.00000000000000000,0.00000000000000000,0.00000000000000000,0.00000000000000000,0.00000000000000000,0.00000000000000000,0.00000000000000000,0.00000000000000000,0.00000000000000000,0.00000000000000000,0.00000000000000000
"P4-PWY: superpathway of L-lysine, L-threonine and L-methionine biosynthesis I",0.00009497900000000,0.00000000000000000,0.00002969080000000,0.00000000000000000,0.00004847370000000,0.00005669480000000,0.00006614920000000,0.00006783750000000,0.00006825060000000,0.00005116200000000,0.00005084130000000,0.00006081330000000,0.00007574430000000,0.00005295920000000,0.00002208590000000,0.00003388370000000,0.00004189160000000,0.00000893795000000,0.00002364070000000,0.00001173420000000,0.00001547960000000,0.00002032620000000,0.00004483830000000,0.00003792850000000,0.00001018400000000,0.00005149080000000,0.00000000000000000,0.00006602470000000
P42-PWY: incomplete reductive TCA cycle,0.00006375880000000,0.00006557570000000,0.00006783910000000,0.00004142210000000,0.00008350330000000,0.00006815750000000,0.00000191883000000,0.00002257020000000,0.00001630760000000,0.00005160130000000,0.00004529300000000,0.00005692100000000,0.00001825970000000,0.00002002250000000,0.00003489600000000,0.00002990420000000,0.00000000000000000,0.00001472130000000,0.00002769840000000,0.00002073190000000,0.00003246560000000,0.00002760000000000,0.00009086310000000,0.00008344090000000,0.00001624830000000,0.00009921430000000,0.00000000000000000,0.00004522550000000
P441-PWY: superpathway of N-acetylneuraminate degradation,0.00000000000000000,0.00000000000000000,0.00003164840000000,0.00000000000000000,0.00004556550000000,0.00000987392000000,0.00003821440000000,0.00005066740000000,0.00005808840000000,0.00007984570000000,0.00006164760000000,0.00006635400000000,0.00005405410000000,0.00003334650000000,0.00002061080000000,0.00000899275000000,0.00002293660000000,0.00007286440000000,0.00009985290000000,0.00006907440000000,0.00007746210000000,0.00008079410000000,0.00002640430000000,0.00002427500000000,0.00006423240000000,0.00006608120000000,0.00000000000000000,0.00000000000000000
"P461-PWY: hexitol fermentation to lactate, formate, ethanol and acetate",0.00006666630000000,0.00009648800000000,0.00000471835000000,0.00000000000000000,0.00000322614000000,0.00002071480000000,0.00000117225000000,0.00000000000000000,0.00000125343000000,0.00002517800000000,0.00002698470000000,0.00002042060000000,0.00000112777000000,0.00001507850000000,0.00000653283000000,0.00000562383000000,0.00003123430000000,0.00000556669000000,0.00000451648000000,0.00000591586000000,0.00000674316000000,0.00000217704000000,0.00001331770000000,0.00001212330000000,0.00000499685000000,0.00002065520000000,0.00000000000000000,0.00004396620000000
P562-PWY: myo-inositol degradation I,0.00000640587000000,0.00000568673000000,0.00000138017000000,0.00000911619000000,0.00000227440000000,0.00000103669000000,0.00000256756000000,0.00000048747300000,0.00000000000000000,0.00000454162000000,0.00000494086000000,0.00000496012000000,0.00000154457000000,0.00000066123700000,0.00000049297200000,0.00000059165600000,0.00000150075000000,0.00000099292200000,0.00000097668500000,0.00000076673200000,0.00000000000000000,0.00000000000000000,0.00000164043000000,0.00000154561000000,0.00000080809400000,0.00000211327000000,0.00000755873000000,0.00000416265000000
P621-PWY: nylon-6 oligomer degradation,0.00000000000000000,0.00000000000000000,0.00000000000000000,0.00000000000000000,0.00000000000000000,0.00000000000000000,0.00000000000000000,0.00000000000000000,0.00000076338900000,0.00000000000000000,0.00000000000000000,0.00000000000000000,0.00000000000000000,0.00000000000000000,0.00000000000000000,0.00000000000000000,0.00000000000000000,0.00000000000000000,0.00000000000000000,0.00000000000000000,0.00000000000000000,0.00000000000000000,0.00000000000000000,0.00000000000000000,0.00000000000000000,0.00000000000000000,0.00000000000000000,0.00000000000000000
PANTO-PWY: phosphopantothenate biosynthesis I,0.00009379140000000,0.00000000000000000,0.00000000000000000,0.00000000000000000,0.00000000000000000,0.00000000000000000,0.00000000000000000,0.00000000000000000,0.00000000000000000,0.00000000000000000,0.00000000000000000,0.00000000000000000,0.00000000000000000,0.00000000000000000,0.00000000000000000,0.00000000000000000,0.00000000000000000,0.00000000000000000,0.00000000000000000,0.00000000000000000,0.00000000000000000,0.00000000000000000,0.00000000000000000,0.00000000000000000,0.00000000000000000,0.00000000000000000,0.00000000000000000,0.00000000000000000
PANTOSYN-PWY: pantothenate and coenzyme A biosynthesis I,0.00009185030000000,0.00000000000000000,0.00000000000000000,0.00000000000000000,0.00000000000000000,0.00000000000000000,0.00000000000000000,0.00000000000000000,0.00000000000000000,0.00000000000000000,0.00000000000000000,0.00000000000000000,0.00000000000000000,0.00000000000000000,0.00000000000000000,0.00000000000000000,0.00000000000000000,0.00000000000000000,0.00000000000000000,0.00000000000000000,0.00000000000000000,0.00000000000000000,0.00000000000000000,0.00000000000000000,0.00000000000000000,0.00000000000000000,0.00000000000000000,0.00000000000000000
PENTOSE-P-PWY: pentose phosphate pathway,0.00009621250000000,0.00000000000000000,0.00000000000000000,0.00000000000000000,0.00000000000000000,0.00000000000000000,0.00000000000000000,0.00000000000000000,0.00000000000000000,0.00009272970000000,0.00009518350000000,0.00009068070000000,0.00000000000000000,0.00000000000000000,0.00000000000000000,0.00000000000000000,0.00007264420000000,0.00000000000000000,0.00000000000000000,0.00000000000000000,0.00000000000000000,0.00000000000000000,0.00006482050000000,0.00008818310000000,0.00009979910000000,0.00007941210000000,0.00009160170000000,0.00000000000000000
PEPTIDOGLYCANSYN-PWY: peptidoglycan biosynthesis I (meso-diaminopimelate containing),0.00000000000000000,0.00000000000000000,0.00000000000000000,0.00000000000000000,0.00000000000000000,0.00000000000000000,0.00000000000000000,0.00000000000000000,0.00000000000000000,0.00000000000000000,0.00000000000000000,0.00000000000000000,0.00000000000000000,0.00000000000000000,0.00000000000000000,0.00000000000000000,0.00000000000000000,0.00000000000000000,0.00000000000000000,0.00000000000000000,0.00000000000000000,0.00000000000000000,0.00000000000000000,0.00000000000000000,0.00000000000000000,0.00000000000000000,0.00000000000000000,0.00000000000000000
PHOSLIPSYN-PWY: superpathway of phospholipid biosynthesis I (bacteria),0.00000000000000000,0.00000000000000000,0.00008540570000000,0.00000000000000000,0.00003673280000000,0.00000000000000000,0.00006196630000000,0.00006437810000000,0.00006991330000000,0.00007391220000000,0.00006479340000000,0.00006339550000000,0.00007069420000000,0.00007617840000000,0.00000000000000000,0.00000000000000000,0.00004521280000000,0.00002250640000000,0.00002225210000000,0.00002140230000000,0.00002134170000000,0.00001298600000000,0.00006135030000000,0.00005964830000000,0.00001023250000000,0.00000000000000000,0.00000000000000000,0.00008052880000000
POLYAMINSYN3-PWY: superpathway of polyamine biosynthesis II,0.00002171930000000,0.00001900960000000,0.00000128048000000,0.00000295603000000,0.00000435699000000,0.00000686187000000,0.00000000000000000,0.00000000000000000,0.00000171330000000,0.00001501970000000,0.00000932730000000,0.00001045560000000,0.00000063140700000,0.00000000000000000,0.00000282017000000,0.00000036029100000,0.00001314020000000,0.00000215663000000,0.00000210951000000,0.00000337985000000,0.00000331877000000,0.00000284815000000,0.00001917830000000,0.00002122320000000,0.00000239618000000,0.00001939470000000,0.00001911310000000,0.00002454370000000
POLYAMSYN-PWY: superpathway of polyamine biosynthesis I,0.00005379240000000,0.00008630140000000,0.00003334840000000,0.00008053610000000,0.00002580300000000,0.00003373240000000,0.00007243450000000,0.00004454980000000,0.00005041270000000,0.00003860720000000,0.00003695850000000,0.00002198150000000,0.00006884980000000,0.00000000000000000,0.00002932790000000,0.00002411880000000,0.00003461330000000,0.00000203545000000,0.00000281449000000,0.00000540313000000,0.00000594058000000,0.00000578621000000,0.00003198640000000,0.00002761130000000,0.00000416186000000,0.00002253050000000,0.00006638800000000,0.00004689720000000
POLYISOPRENSYN-PWY: polyisoprenoid biosynthesis (E. coli),0.00004879280000000,0.00006263720000000,0.00000571052000000,0.00004808210000000,0.00000650352000000,0.00000830778000000,0.00001548910000000,0.00001068790000000,0.00001290830000000,0.00002073710000000,0.00001401740000000,0.00001462570000000,0.00001518310000000,0.00001474190000000,0.00000770813000000,0.00000803144000000,0.00000792635000000,0.00000000000000000,0.00000181993000000,0.00000000000000000,0.00000116423000000,0.00000121295000000,0.00000697807000000,0.00000559818000000,0.00000124812000000,0.00000759581000000,0.00006036430000000,0.00002023420000000
PPGPPMET-PWY: ppGpp biosynthesis,0.00006531300000000,0.00007616030000000,0.00003571540000000,0.00007106160000000,0.00004820370000000,0.00005146080000000,0.00006885500000000,0.00007293740000000,0.00007479470000000,0.00006065720000000,0.00006003310000000,0.00005871680000000,0.00007478070000000,0.00006187320000000,0.00004142350000000,0.00004324600000000,0.00009302810000000,0.00002475050000000,0.00003595160000000,0.00002427290000000,0.00003124070000000,0.00003307550000000,0.00009366160000000,0.00008441530000000,0.00002315720000000,0.00007504970000000,0.00009723770000000,0.00006720250000000
PROPFERM-PWY: L-alanine fermentation to propanoate and acetate,0.00000507286000000,0.00000548242000000,0.00000091076400000,0.00000277684000000,0.00000000000000000,0.00000000000000000,0.00000159854000000,0.00000091040800000,0.00000213972000000,0.00000333591000000,0.00000380809000000,0.00000336340000000,0.00000125225000000,0.00000079039300000,0.00000049802400000,0.00000047408900000,0.00000271724000000,0.00000000000000000,0.00000000000000000,0.00000000000000000,0.00000000000000000,0.00000000000000000,0.00000087126000000,0.00000000000000000,0.00000000000000000,0.00000102542000000,0.00000266520000000,0.00000349087000000
PROTOCATECHUATE-ORTHO-CLEAVAGE-PWY: protocatechuate degradation II (ortho-cleavage pathway),0.00000275454000000,0.00000541420000000,0.00000000000000000,0.00000223446000000,0.00000000000000000,0.00000000000000000,0.00000000000000000,0.00000000000000000,0.00000000000000000,0.00000094031700000,0.00000045945400000,0.00000045934000000,0.00000000000000000,0.00000000000000000,0.00000000000000000,0.00000000000000000,0.00000000000000000,0.00000000000000000,0.00000000000000000,0.00000000000000000,0.00000000000000000,0.00000000000000000,0.00000000000000000,0.00000000000000000,0.00000000000000000,0.00000000000000000,0.00000172458000000,0.00000042719500000
"PRPP-PWY: superpathway of histidine, purine, and pyrimidine biosynthesis",0.00009950930000000,0.00000000000000000,0.00003581670000000,0.00009589600000000,0.00003206910000000,0.00003040280000000,0.00000000000000000,0.00000000000000000,0.00000000000000000,0.00000000000000000,0.00000000000000000,0.00000000000000000,0.00000548721000000,0.00000000000000000,0.00002555710000000,0.00003641200000000,0.00000000000000000,0.00005432600000000,0.00006601360000000,0.00004095250000000,0.00006119650000000,0.00006327980000000,0.00009096760000000,0.00008743340000000,0.00005048100000000,0.00000000000000000,0.00000000000000000,0.00000000000000000
PWY-1042: glycolysis IV (plant cytosol),0.00000000000000000,0.00000000000000000,0.00000000000000000,0.00000000000000000,0.00000000000000000,0.00000000000000000,0.00000000000000000,0.00000000000000000,0.00000000000000000,0.00000000000000000,0.00000000000000000,0.00000000000000000,0.00000000000000000,0.00000000000000000,0.00000000000000000,0.00000000000000000,0.00000000000000000,0.00000000000000000,0.00000000000000000,0.00000000000000000,0.00000000000000000,0.00000000000000000,0.00000000000000000,0.00000000000000000,0.00000000000000000,0.00000000000000000,0.00000000000000000,0.00000000000000000
PWY-1269: CMP-3-deoxy-D-manno-octulosonate biosynthesis I,0.00002980650000000,0.00004133280000000,0.00007251730000000,0.00000000000000000,0.00006238630000000,0.00000000000000000,0.00006257840000000,0.00005453040000000,0.00004621730000000,0.00000000000000000,0.00000000000000000,0.00000000000000000,0.00004022650000000,0.00004404060000000,0.00009439650000000,0.00007070150000000,0.00002790590000000,0.00009692410000000,0.00006677750000000,0.00007204180000000,0.00007029810000000,0.00007369980000000,0.00005967230000000,0.00005277280000000,0.00008426310000000,0.00006390730000000,0.00008001390000000,0.00000000000000000
PWY-1622: formaldehyde assimilation I (serine pathway),0.00000000000000000,0.00000000000000000,0.00000000000000000,0.00000000000000000,0.00000000000000000,0.00000000000000000,0.00000000000000000,0.00000000000000000,0.00000000000000000,0.00000309951000000,0.00000473552000000,0.00000468281000000,0.00000000000000000,0.00000000000000000,0.00000000000000000,0.00000000000000000,0.00000000000000000,0.00000000000000000,0.00000000000000000,0.00000000000000000,0.00000000000000000,0.00000000000000000,0.00000000000000000,0.00000000000000000,0.00000000000000000,0.00000000000000000,0.00000000000000000,0.00000000000000000
PWY-181: photorespiration,0.00000000000000000,0.00000000000000000,0.00000000000000000,0.00000000000000000,0.00000000000000000,0.00000000000000000,0.00000000000000000,0.00000000000000000,0.00000000000000000,0.00000364465000000,0.00000528716000000,0.00000504697000000,0.00000000000000000,0.00000000000000000,0.00000000000000000,0.00000000000000000,0.00000000000000000,0.00000000000000000,0.00000000000000000,0.00000000000000000,0.00000000000000000,0.00000000000000000,0.00000000000000000,0.00000000000000000,0.00000000000000000,0.00000000000000000,0.00000000000000000,0.00000000000000000
PWY-1861: formaldehyde assimilation II (RuMP Cycle),0.00003153600000000,0.00002440680000000,0.00000000000000000,0.00002090010000000,0.00000116092000000,0.00001254190000000,0.00000291805000000,0.00000031836000000,0.00000153694000000,0.00001804880000000,0.00002192280000000,0.00002888930000000,0.00000238326000000,0.00000238090000000,0.00000363872000000,0.00000000000000000,0.00000414403000000,0.00000437634000000,0.00004158570000000,0.00001417820000000,0.00000000000000000,0.00002772710000000,0.00000591817000000,0.00000230391000000,0.00000456219000000,0.00000851291000000,0.00001338350000000,0.00003041010000000
PWY-2201: folate transformations I,0.00000854084000000,0.00000456491000000,0.00001141330000000,0.00000000000000000,0.00001043600000000,0.00001968620000000,0.00001863170000000,0.00002363200000000,0.00002799530000000,0.00004846600000000,0.00004441270000000,0.00004249630000000,0.00002655120000000,0.00002262550000000,0.00001258220000000,0.00000944686000000,0.00000752908000000,0.00000000000000000,0.00000000000000000,0.00000000000000000,0.00000000000000000,0.00000000000000000,0.00000256429000000,0.00000749968000000,0.00000000000000000,0.00000757214000000,0.00001163800000000,0.00004343020000000
PWY-2221: Entner-Doudoroff pathway III (semi-phosphorylative),0.00000000000000000,0.00000000000000000,0.00000132777000000,0.00000000000000000,0.00000000000000000,0.00000185070000000,0.00000000000000000,0.00000000000000000,0.00000000000000000,0.00000000000000000,0.00000000000000000,0.00000000000000000,0.00000000000000000,0.00000000000000000,0.00000138075000000,0.00000147600000000,0.00000000000000000,0.00000000000000000,0.00000000000000000,0.00000000000000000,0.00000000000000000,0.00000000000000000,0.00000000000000000,0.00000000000000000,0.00000000000000000,0.00000000000000000,0.00000000000000000,0.00000000000000000
"PWY-241: C4 photosynthetic carbon assimilation cycle, NADP-ME type",0.00005041140000000,0.00006135360000000,0.00000279778000000,0.00004694450000000,0.00000187817000000,0.00000248680000000,0.00000000000000000,0.00000000000000000,0.00000036767300000,0.00007941910000000,0.00007589980000000,0.00008107530000000,0.00000000000000000,0.00000000000000000,0.00000029374900000,0.00000503441000000,0.00000000000000000,0.00000219956000000,0.00000037464900000,0.00000000000000000,0.00000015586500000,0.00000000000000000,0.00000000000000000,0.00000261706000000,0.00000109479000000,0.00000197871000000,0.00004374350000000,0.00008612290000000
PWY-2723: trehalose degradation V,0.00001802350000000,0.00002406650000000,0.00000090887600000,0.00004505360000000,0.00000000000000000,0.00000000000000000,0.00000000000000000,0.00000000000000000,0.00000050113200000,0.00001252200000000,0.00001111430000000,0.00000441991000000,0.00000000000000000,0.00000000000000000,0.00000026828400000,0.00000061143700000,0.00000000000000000,0.00000000000000000,0.00000000000000000,0.00000000000000000,0.00000000000000000,0.00000168566000000,0.00000000000000000,0.00000000000000000,0.00000000000000000,0.00000000000000000,0.00004396400000000,0.00001327990000000
PWY-2941: L-lysine biosynthesis II,0.00005527010000000,0.00007315100000000,0.00001519440000000,0.00008112660000000,0.00002914020000000,0.00003472550000000,0.00002994240000000,0.00003935620000000,0.00004904180000000,0.00000000000000000,0.00000000000000000,0.00000000000000000,0.00004822320000000,0.00002310940000000,0.00000596949000000,0.00000911794000000,0.00003120550000000,0.00001272850000000,0.00001188450000000,0.00001050790000000,0.00001616200000000,0.00001560970000000,0.00002281060000000,0.00002819500000000,0.00001382690000000,0.00003945570000000,0.00006861750000000,0.00000000000000000
PWY-2942: L-lysine biosynthesis III,0.00000000000000000,0.00000000000000000,0.00000000000000000,0.00000000000000000,0.00000000000000000,0.00000000000000000,0.00000000000000000,0.00000000000000000,0.00000000000000000,0.00000000000000000,0.00000000000000000,0.00000000000000000,0.00000000000000000,0.00000000000000000,0.00000000000000000,0.00000000000000000,0.00000000000000000,0.00000000000000000,0.00000000000000000,0.00000000000000000,0.00000000000000000,0.00000000000000000,0.00000000000000000,0.00000000000000000,0.00000000000000000,0.00000000000000000,0.00000000000000000,0.00000000000000000
PWY-3001: superpathway of L-isoleucine biosynthesis I,0.00000000000000000,0.00000000000000000,0.00000000000000000,0.00000000000000000,0.00000000000000000,0.00000000000000000,0.00000000000000000,0.00000000000000000,0.00000000000000000,0.00000000000000000,0.00000000000000000,0.00000000000000000,0.00000000000000000,0.00000000000000000,0.00000000000000000,0.00000000000000000,0.00000000000000000,0.00007903750000000,0.00000000000000000,0.00008879930000000,0.00000000000000000,0.00000000000000000,0.00000000000000000,0.00000000000000000,0.00007693150000000,0.00000000000000000,0.00000000000000000,0.00000000000000000
PWY-3481: superpathway of L-phenylalanine and L-tyrosine biosynthesis,0.00000000000000000,0.00000000000000000,0.00000195946000000,0.00000000000000000,0.00000303444000000,0.00000175876000000,0.00000266046000000,0.00000359310000000,0.00000206097000000,0.00000000000000000,0.00000037388400000,0.00000082484100000,0.00000317637000000,0.00000298562000000,0.00000217695000000,0.00000217783000000,0.00000071247300000,0.00000000000000000,0.00000000000000000,0.00000000000000000,0.00000000000000000,0.00000000000000000,0.00000080245400000,0.00000063532700000,0.00000000000000000,0.00000100086000000,0.00000000000000000,0.00000055842300000
PWY-3781: aerobic respiration I (cytochrome c),0.00003106000000000,0.00005016110000000,0.00000252493000000,0.00001101910000000,0.00000078448600000,0.00000533234000000,0.00001280710000000,0.00000330002000000,0.00000720517000000,0.00000915150000000,0.00004822520000000,0.00005482950000000,0.00000924926000000,0.00002376900000000,0.00000303534000000,0.00001062020000000,0.00000271066000000,0.00000542910000000,0.00000334904000000,0.00000450916000000,0.00000374478000000,0.00000232686000000,0.00000415502000000,0.00000057215300000,0.00000263165000000,0.00001698100000000,0.00000000000000000,0.00003960720000000
PWY-3801: sucrose degradation II (sucrose synthase),0.00000000000000000,0.00000000000000000,0.00000000000000000,0.00000000000000000,0.00000000000000000,0.00000000000000000,0.00000000000000000,0.00000000000000000,0.00000000000000000,0.00000000000000000,0.00000000000000000,0.00000000000000000,0.00000000000000000,0.00000000000000000,0.00000000000000000,0.00000000000000000,0.00000000000000000,0.00000000000000000,0.00000836096000000,0.00000000000000000,0.00000000000000000,0.00000000000000000,0.00000000000000000,0.00000000000000000,0.00000000000000000,0.00000000000000000,0.00000000000000000,0.00000000000000000
PWY-3841: folate transformations II,0.00000000000000000,0.00000000000000000,0.00000000000000000,0.00000000000000000,0.00000000000000000,0.00000000000000000,0.00000000000000000,0.00000000000000000,0.00000000000000000,0.00000000000000000,0.00000000000000000,0.00000000000000000,0.00000000000000000,0.00000000000000000,0.00000000000000000,0.00000000000000000,0.00000000000000000,0.00000000000000000,0.00000000000000000,0.00000000000000000,0.00000000000000000,0.00000000000000000,0.00000000000000000,0.00000000000000000,0.00000000000000000,0.00000000000000000,0.00000000000000000,0.00000000000000000
PWY-4041: &gamma;-glutamyl cycle,0.00004619080000000,0.00006413310000000,0.00000160176000000,0.00008477190000000,0.00000497708000000,0.00000369141000000,0.00000000000000000,0.00000043999900000,0.00000077927600000,0.00001943830000000,0.00001561740000000,0.00001637360000000,0.00000054945400000,0.00000121352000000,0.00000308077000000,0.00000310548000000,0.00000000000000000,0.00000000000000000,0.00000000000000000,0.00000000000000000,0.00000000000000000,0.00000000000000000,0.00000100749000000,0.00000086116200000,0.00000031077500000,0.00000176103000000,0.00007772490000000,0.00003334960000000
PWY-4242: pantothenate and coenzyme A biosynthesis III,0.00000000000000000,0.00000000000000000,0.00005874470000000,0.00000000000000000,0.00007232140000000,0.00008013030000000,0.00008389010000000,0.00009773990000000,0.00000000000000000,0.00009878710000000,0.00009580190000000,0.00008457040000000,0.00008741880000000,0.00006881930000000,0.00005593960000000,0.00006282790000000,0.00005750490000000,0.00001216980000000,0.00002065360000000,0.00001104240000000,0.00001784220000000,0.00001579300000000,0.00002647970000000,0.00003335400000000,0.00000723846000000,0.00003805420000000,0.00000000000000000,0.00000000000000000
PWY-4321: L-glutamate degradation IV,0.00001409220000000,0.00002275690000000,0.00000065984300000,0.00002728010000000,0.00000201680000000,0.00000119372000000,0.00000000000000000,0.00000000000000000,0.00000072776300000,0.00000657257000000,0.00000678883000000,0.00000721554000000,0.00000000000000000,0.00000000000000000,0.00000058627700000,0.00000079052600000,0.00000000000000000,0.00000000000000000,0.00000000000000000,0.00000000000000000,0.00000000000000000,0.00000000000000000,0.00000000000000000,0.00000000000000000,0.00000000000000000,0.00000000000000000,0.00000889407000000,0.00001140010000000
PWY-4361: S-methyl-5-thio-&alpha;-D-ribose 1-phosphate degradation,0.00000145026000000,0.00000187136000000,0.00000000000000000,0.00001741680000000,0.00000000000000000,0.00000000000000000,0.00000000000000000,0.00000000000000000,0.00000000000000000,0.00000000000000000,0.00000000000000000,0.00000000000000000,0.00000000000000000,0.00000000000000000,0.00000000000000000,0.00000000000000000,0.00000000000000000,0.00000000000000000,0.00000000000000000,0.00000000000000000,0.00000000000000000,0.00000000000000000,0.00000000000000000,0.00000000000000000,0.00000000000000000,0.00000000000000000,0.00002904830000000,0.00000000000000000
PWY-4702: phytate degradation I,0.00001502190000000,0.00001954260000000,0.00000014397500000,0.00002064110000000,0.00000063169400000,0.00000154397000000,0.00000000000000000,0.00000000000000000,0.00000000000000000,0.00001176000000000,0.00000938030000000,0.00001058580000000,0.00000000000000000,0.00000000000000000,0.00000017121800000,0.00000115847000000,0.00000000000000000,0.00000000000000000,0.00000049445100000,0.00000000000000000,0.00000013552100000,0.00000000000000000,0.00000000000000000,0.00000000000000000,0.00000000000000000,0.00000000000000000,0.00000685556000000,0.00001336840000000
PWY-4981: L-proline biosynthesis II (from arginine),0.00000957618000000,0.00001798510000000,0.00003410140000000,0.00000842679000000,0.00003173620000000,0.00003539390000000,0.00003128550000000,0.00004720920000000,0.00005339520000000,0.00003900570000000,0.00003935510000000,0.00003155450000000,0.00003825440000000,0.00002130160000000,0.00002688100000000,0.00003165280000000,0.00004805700000000,0.00007116920000000,0.00000000000000000,0.00004866930000000,0.00005765140000000,0.00007175670000000,0.00002235030000000,0.00001519610000000,0.00004319920000000,0.00003762750000000,0.00000607105000000,0.00002588260000000
PWY-4984: urea cycle,0.00009403860000000,0.00008102440000000,0.00000000000000000,0.00006015310000000,0.00000000000000000,0.00000000000000000,0.00001928480000000,0.00002609390000000,0.00002728620000000,0.00005339220000000,0.00003799840000000,0.00003696920000000,0.00001883850000000,0.00002087850000000,0.00000000000000000,0.00000000000000000,0.00003350230000000,0.00005875900000000,0.00006604730000000,0.00005343010000000,0.00007404850000000,0.00007911490000000,0.00008177570000000,0.00000000000000000,0.00004877860000000,0.00000000000000000,0.00004275790000000,0.00001071860000000
PWY-5004: superpathway of L-citrulline metabolism,0.00000580681000000,0.00000555700000000,0.00001340690000000,0.00000248986000000,0.00001788110000000,0.00001616460000000,0.00000836090000000,0.00000737410000000,0.00000791176000000,0.00001295940000000,0.00000982583000000,0.00001091860000000,0.00000901076000000,0.00000655515000000,0.00001285330000000,0.00001453170000000,0.00000633288000000,0.00000000000000000,0.00000038797200000,0.00000000000000000,0.00000000000000000,0.00000000000000000,0.00000475099000000,0.00000447210000000,0.00000124477000000,0.00000580396000000,0.00000423510000000,0.00000722401000000
PWY-5005: biotin biosynthesis II,0.00000000000000000,0.00000000000000000,0.00000000000000000,0.00000451440000000,0.00000000000000000,0.00000000000000000,0.00000000000000000,0.00000000000000000,0.00000000000000000,0.00000126127000000,0.00000000000000000,0.00000558500000000,0.00000000000000000,0.00000000000000000,0.00000000000000000,0.00000000000000000,0.00000956375000000,0.00000000000000000,0.00000000000000000,0.00000000000000000,0.00000000000000000,0.00000000000000000,0.00001877360000000,0.00000755125000000,0.00000000000000000,0.00001007990000000,0.00000248870000000,0.00000000000000000
PWY-5022: 4-aminobutanoate degradation V,0.00003446110000000,0.00004714800000000,0.00000302976000000,0.00007807750000000,0.00000528850000000,0.00000615317000000,0.00000611511000000,0.00000804773000000,0.00000645607000000,0.00002109490000000,0.00001678280000000,0.00001585550000000,0.00000777936000000,0.00000522119000000,0.00000109669000000,0.00000220289000000,0.00000557947000000,0.00000064694300000,0.00000103492000000,0.00000116611000000,0.00000106102000000,0.00000051643200000,0.00002201680000000,0.00001111970000000,0.00000126447000000,0.00001050210000000,0.00005210290000000,0.00003233200000000
PWY-5030: L-histidine degradation III,0.00000109516000000,0.00000055944100000,0.00000000000000000,0.00000000000000000,0.00000000000000000,0.00000000000000000,0.00000000000000000,0.00000000000000000,0.00000000000000000,0.00000153228000000,0.00000165610000000,0.00000101921000000,0.00000000000000000,0.00009461370000000,0.00000000000000000,0.00000000000000000,0.00000000000000000,0.00000000000000000,0.00000000000000000,0.00000000000000000,0.00000000000000000,0.00000000000000000,0.00000000000000000,0.00000000000000000,0.00000000000000000,0.00000000000000000,0.00000154355000000,0.00000124499000000
PWY-5044: purine nucleotides degradation I (plants),0.00000000000000000,0.00000000000000000,0.00000477650000000,0.00000000000000000,0.00000000000000000,0.00000905652000000,0.00000000000000000,0.00000000000000000,0.00000000000000000,0.00000000000000000,0.00000000000000000,0.00000000000000000,0.00000000000000000,0.00000000000000000,0.00000825171000000,0.00000411341000000,0.00000000000000000,0.00000000000000000,0.00000000000000000,0.00000000000000000,0.00000000000000000,0.00000000000000000,0.00000000000000000,0.00000000000000000,0.00000000000000000,0.00000000000000000,0.00000000000000000,0.00000000000000000
PWY-5055: nicotinate degradation III,0.00000044042200000,0.00000024230700000,0.00000000000000000,0.00000023428900000,0.00000000000000000,0.00000000000000000,0.00000052728600000,0.00000113696000000,0.00000067547000000,0.00000124797000000,0.00000143790000000,0.00000096964000000,0.00000096483700000,0.00000056156300000,0.00000000000000000,0.00000000000000000,0.00000000000000000,0.00000000000000000,0.00000000000000000,0.00000000000000000,0.00000000000000000,0.00000000000000000,0.00000000000000000,0.00000000000000000,0.00000000000000000,0.00000000000000000,0.00000000000000000,0.00000036800700000
PWY-5083: NAD/NADH phosphorylation and dephosphorylation,0.00006295400000000,0.00008592280000000,0.00000165906000000,0.00009402700000000,0.00000413310000000,0.00000206893000000,0.00000000000000000,0.00000000000000000,0.00000158065000000,0.00002800220000000,0.00002826940000000,0.00002312190000000,0.00000020665300000,0.00000000000000000,0.00000203009000000,0.00000064036400000,0.00000000000000000,0.00000066166300000,0.00000135207000000,0.00000000000000000,0.00000044614200000,0.00000000000000000,0.00000000000000000,0.00000000000000000,0.00000213313000000,0.00000000000000000,0.00000000000000000,0.00004964520000000
PWY-5088: L-glutamate degradation VIII (to propanoate),0.00001432170000000,0.00001821240000000,0.00000208142000000,0.00005917830000000,0.00000144533000000,0.00000299473000000,0.00000179522000000,0.00000000000000000,0.00000047983000000,0.00001779750000000,0.00001199880000000,0.00001101920000000,0.00000225910000000,0.00000241022000000,0.00000155685000000,0.00000213290000000,0.00000991539000000,0.00000000000000000,0.00000152299000000,0.00000000000000000,0.00000000000000000,0.00000000000000000,0.00000779179000000,0.00000659059000000,0.00000032245900000,0.00001224240000000,0.00000972931000000,0.00001964650000000
PWY-5097: L-lysine biosynthesis VI,0.00000000000000000,0.00000000000000000,0.00000000000000000,0.00000000000000000,0.00000000000000000,0.00000000000000000,0.00000000000000000,0.00000000000000000,0.00000000000000000,0.00000000000000000,0.00000000000000000,0.00000000000000000,0.00000000000000000,0.00000000000000000,0.00000000000000000,0.00000000000000000,0.00000000000000000,0.00000000000000000,0.00000000000000000,0.00000000000000000,0.00000000000000000,0.00000000000000000,0.00000000000000000,0.00000000000000000,0.00000000000000000,0.00000000000000000,0.00000000000000000,0.00000000000000000
PWY-5100: pyruvate fermentation to acetate and lactate II,0.00000000000000000,0.00000000000000000,0.00000000000000000,0.00000000000000000,0.00000000000000000,0.00000000000000000,0.00000000000000000,0.00000000000000000,0.00000000000000000,0.00000000000000000,0.00000000000000000,0.00000000000000000,0.00000000000000000,0.00000000000000000,0.00000000000000000,0.00000000000000000,0.00000000000000000,0.00008862320000000,0.00000000000000000,0.00000000000000000,0.00000000000000000,0.00000000000000000,0.00000000000000000,0.00000000000000000,0.00006636560000000,0.00000000000000000,0.00000000000000000,0.00000000000000000
PWY-5101: L-isoleucine biosynthesis II,0.00002636510000000,0.00002352690000000,0.00002256980000000,0.00001114060000000,0.00003840160000000,0.00001339850000000,0.00002629240000000,0.00002493940000000,0.00002255170000000,0.00001018290000000,0.00001119450000000,0.00001045750000000,0.00004404890000000,0.00003736390000000,0.00002646700000000,0.00002592590000000,0.00001939630000000,0.00007039560000000,0.00000000000000000,0.00005521830000000,0.00006714180000000,0.00006910710000000,0.00001480830000000,0.00001183580000000,0.00006282060000000,0.00002791310000000,0.00001552140000000,0.00001545660000000
PWY-5103: L-isoleucine biosynthesis III,0.00000000000000000,0.00000000000000000,0.00000000000000000,0.00000000000000000,0.00000000000000000,0.00000000000000000,0.00000000000000000,0.00000000000000000,0.00000000000000000,0.00000000000000000,0.00000000000000000,0.00000000000000000,0.00000000000000000,0.00000000000000000,0.00000000000000000,0.00000000000000000,0.00000000000000000,0.00000000000000000,0.00000000000000000,0.00000000000000000,0.00000000000000000,0.00000000000000000,0.00000000000000000,0.00000000000000000,0.00000000000000000,0.00000000000000000,0.00000000000000000,0.00000000000000000
PWY-5104: L-isoleucine biosynthesis IV,0.00000000000000000,0.00008095200000000,0.00007021990000000,0.00003173850000000,0.00000000000000000,0.00006286760000000,0.00000000000000000,0.00000000000000000,0.00000000000000000,0.00009611440000000,0.00006147660000000,0.00008626420000000,0.00000000000000000,0.00000000000000000,0.00002973840000000,0.00002406770000000,0.00000000000000000,0.00000894916000000,0.00001941280000000,0.00001451740000000,0.00002330400000000,0.00001968640000000,0.00008701790000000,0.00007728620000000,0.00000981637000000,0.00009238880000000,0.00000000000000000,0.00005596570000000
PWY-5121: superpathway of geranylgeranyl diphosphate biosynthesis II (via MEP),0.00009311640000000,0.00000000000000000,0.00002506400000000,0.00009579140000000,0.00002207000000000,0.00001976460000000,0.00003699250000000,0.00002565530000000,0.00003188740000000,0.00004912520000000,0.00003623830000000,0.00003468840000000,0.00004528450000000,0.00004009420000000,0.00002167000000000,0.00002147200000000,0.00002080310000000,0.00000000000000000,0.00000531034000000,0.00000468125000000,0.00000307500000000,0.00000401648000000,0.00002639870000000,0.00002218830000000,0.00000331452000000,0.00002040020000000,0.00000000000000000,0.00004876960000000
PWY-5136: fatty acid &beta;-oxidation II (peroxisome),0.00009309410000000,0.00000000000000000,0.00005386870000000,0.00000000000000000,0.00002166160000000,0.00002836380000000,0.00003146990000000,0.00002348290000000,0.00004872600000000,0.00007719630000000,0.00006800840000000,0.00006171210000000,0.00003196920000000,0.00003283720000000,0.00003968470000000,0.00004490340000000,0.00002168410000000,0.00002191690000000,0.00003137200000000,0.00001751720000000,0.00002903960000000,0.00002641020000000,0.00001342650000000,0.00000849300000000,0.00001839490000000,0.00001274230000000,0.00009377670000000,0.00007108870000000
"PWY-5138: unsaturated, even numbered fatty acid &beta;-oxidation",0.00008383650000000,0.00009735680000000,0.00000260471000000,0.00000000000000000,0.00000145647000000,0.00000309433000000,0.00000129867000000,0.00000000000000000,0.00000313428000000,0.00003061770000000,0.00002565170000000,0.00002000460000000,0.00000252488000000,0.00000000000000000,0.00000115279000000,0.00000195120000000,0.00000000000000000,0.00000314619000000,0.00000104360000000,0.00000105938000000,0.00000000000000000,0.00000000000000000,0.00000000000000000,0.00000000000000000,0.00000099213400000,0.00000000000000000,0.00000000000000000,0.00003611320000000
PWY-5154: L-arginine biosynthesis III (via N-acetyl-L-citrulline),0.00008548400000000,0.00000000000000000,0.00000000000000000,0.00000000000000000,0.00000000000000000,0.00000000000000000,0.00000000000000000,0.00000000000000000,0.00000000000000000,0.00000000000000000,0.00000000000000000,0.00000000000000000,0.00000000000000000,0.00000000000000000,0.00000000000000000,0.00000000000000000,0.00000000000000000,0.00000000000000000,0.00000000000000000,0.00000000000000000,0.00000000000000000,0.00000000000000000,0.00000000000000000,0.00000000000000000,0.00000000000000000,0.00000000000000000,0.00000000000000000,0.00000000000000000
PWY-5156: superpathway of fatty acid biosynthesis II (plant),0.00000000000000000,0.00000000000000000,0.00000000000000000,0.00000000000000000,0.00000000000000000,0.00000000000000000,0.00000000000000000,0.00000000000000000,0.00000000000000000,0.00000000000000000,0.00000000000000000,0.00000421402000000,0.00000000000000000,0.00000000000000000,0.00000000000000000,0.00000000000000000,0.00000000000000000,0.00000000000000000,0.00000000000000000,0.00000000000000000,0.00000000000000000,0.00000000000000000,0.00000000000000000,0.00000000000000000,0.00000000000000000,0.00000000000000000,0.00000000000000000,0.00000000000000000
PWY-5173: superpathway of acetyl-CoA biosynthesis,0.00008996010000000,0.00009334940000000,0.00000237512000000,0.00007623380000000,0.00000448353000000,0.00000493149000000,0.00000254431000000,0.00000329952000000,0.00000678526000000,0.00002628700000000,0.00002050060000000,0.00002778410000000,0.00000394564000000,0.00000471952000000,0.00000184541000000,0.00000252978000000,0.00000283222000000,0.00000000000000000,0.00000070196500000,0.00000054249600000,0.00000038802900000,0.00000112110000000,0.00000419883000000,0.00000188884000000,0.00000025853400000,0.00000176859000000,0.00007154390000000,0.00002380810000000
PWY-5177: glutaryl-CoA degradation,0.00008364690000000,0.00009660920000000,0.00009613250000000,0.00005557170000000,0.00007562090000000,0.00005265260000000,0.00008125780000000,0.00007346040000000,0.00009711620000000,0.00005436910000000,0.00005343240000000,0.00004383510000000,0.00000000000000000,0.00007160870000000,0.00007340950000000,0.00007449230000000,0.00005604250000000,0.00001301650000000,0.00002402090000000,0.00001911520000000,0.00002060810000000,0.00001895040000000,0.00004422430000000,0.00002865850000000,0.00001700390000000,0.00004173930000000,0.00007600490000000,0.00006097050000000
PWY-5181: toluene degradation III (aerobic) (via p-cresol),0.00000000000000000,0.00000064097800000,0.00000000000000000,0.00000000000000000,0.00000000000000000,0.00000000000000000,0.00000000000000000,0.00000000000000000,0.00000000000000000,0.00000000000000000,0.00000000000000000,0.00000000000000000,0.00000000000000000,0.00000000000000000,0.00000000000000000,0.00000000000000000,0.00000000000000000,0.00000000000000000,0.00000000000000000,0.00000000000000000,0.00000000000000000,0.00000000000000000,0.00000000000000000,0.00000000000000000,0.00000000000000000,0.00000000000000000,0.00000000000000000,0.00000000000000000
PWY-5188: tetrapyrrole biosynthesis I (from glutamate),0.00000000000000000,0.00000000000000000,0.00005530980000000,0.00000000000000000,0.00003445530000000,0.00005444070000000,0.00004141590000000,0.00005255350000000,0.00005437090000000,0.00000000000000000,0.00000000000000000,0.00000000000000000,0.00004423120000000,0.00003662310000000,0.00002659800000000,0.00002618940000000,0.00008898540000000,0.00004973430000000,0.00007402610000000,0.00008045040000000,0.00008570160000000,0.00008711560000000,0.00000000000000000,0.00009534050000000,0.00005864960000000,0.00007653260000000,0.00000000000000000,0.00000000000000000
PWY-5189: tetrapyrrole biosynthesis II (from glycine),0.00007537200000000,0.00009888880000000,0.00004802450000000,0.00007973500000000,0.00002813700000000,0.00004838870000000,0.00003675510000000,0.00004595060000000,0.00004936630000000,0.00006702680000000,0.00006750880000000,0.00005194030000000,0.00003680200000000,0.00003079250000000,0.00002105030000000,0.00002016070000000,0.00004361400000000,0.00005499990000000,0.00007557510000000,0.00008488660000000,0.00007818830000000,0.00007932950000000,0.00009912090000000,0.00008454200000000,0.00005741750000000,0.00006681440000000,0.00000000000000000,0.00007818460000000
PWY-5198: factor 420 biosynthesis,0.00000000000000000,0.00000000000000000,0.00000000000000000,0.00000000000000000,0.00000000000000000,0.00000270581000000,0.00000000000000000,0.00000000000000000,0.00000000000000000,0.00000000000000000,0.00000000000000000,0.00000000000000000,0.00000000000000000,0.00000000000000000,0.00000000000000000,0.00000000000000000,0.00000000000000000,0.00000000000000000,0.00000000000000000,0.00000000000000000,0.00000000000000000,0.00000000000000000,0.00000000000000000,0.00000000000000000,0.00000000000000000,0.00000000000000000,0.00000000000000000,0.00000000000000000
PWY-5304: superpathway of sulfur oxidation (Acidianus ambivalens),0.00000000000000000,0.00000000000000000,0.00000000000000000,0.00000000000000000,0.00000081954000000,0.00000026325400000,0.00000257651000000,0.00000243970000000,0.00000302420000000,0.00000000000000000,0.00000000000000000,0.00000000000000000,0.00000245701000000,0.00000074547300000,0.00000056493600000,0.00000354851000000,0.00000000000000000,0.00000000000000000,0.00000086523100000,0.00000050498100000,0.00000060092200000,0.00000043269000000,0.00000000000000000,0.00000000000000000,0.00000067886500000,0.00001183170000000,0.00000000000000000,0.00000000000000000
PWY-5306: superpathway of thiosulfate metabolism (Desulfovibrio sulfodismutans),0.00000000000000000,0.00000000000000000,0.00000023970000000,0.00000000000000000,0.00000000000000000,0.00000000000000000,0.00000000000000000,0.00000000000000000,0.00000000000000000,0.00000000000000000,0.00000000000000000,0.00000000000000000,0.00000000000000000,0.00000000000000000,0.00000000000000000,0.00000000000000000,0.00000020849500000,0.00000000000000000,0.00000000000000000,0.00000000000000000,0.00000000000000000,0.00000000000000000,0.00000033159900000,0.00000037701500000,0.00000000000000000,0.00000000000000000,0.00000000000000000,0.00000000000000000
PWY-5345: superpathway of L-methionine biosynthesis (by sulfhydrylation),0.00006954590000000,0.00007720650000000,0.00000445732000000,0.00000000000000000,0.00001187290000000,0.00001322720000000,0.00000194649000000,0.00007201380000000,0.00000000000000000,0.00007029770000000,0.00005695320000000,0.00006358110000000,0.00000045116900000,0.00000000000000000,0.00001150380000000,0.00000370614000000,0.00009440000000000,0.00000360004000000,0.00000588636000000,0.00000671411000000,0.00000527536000000,0.00000058680500000,0.00008592040000000,0.00006902940000000,0.00000807978000000,0.00006680910000000,0.00008673910000000,0.00007140550000000
PWY-5347: superpathway of L-methionine biosynthesis (transsulfuration),0.00000000000000000,0.00000000000000000,0.00000000000000000,0.00000000000000000,0.00000000000000000,0.00000000000000000,0.00000000000000000,0.00000000000000000,0.00000000000000000,0.00008738150000000,0.00007443660000000,0.00008210550000000,0.00000000000000000,0.00000000000000000,0.00000000000000000,0.00000000000000000,0.00000000000000000,0.00006591110000000,0.00007831210000000,0.00005833010000000,0.00006383750000000,0.00006996780000000,0.00000000000000000,0.00009043040000000,0.00004886460000000,0.00009674480000000,0.00000000000000000,0.00000000000000000
PWY-5367: petroselinate biosynthesis,0.00001936910000000,0.00002188790000000,0.00000375471000000,0.00001387000000000,0.00000684270000000,0.00004076040000000,0.00002549720000000,0.00000245236000000,0.00000335437000000,0.00001409280000000,0.00001462290000000,0.00001326420000000,0.00000661299000000,0.00000502265000000,0.00000441923000000,0.00000371396000000,0.00004651220000000,0.00000000000000000,0.00000000000000000,0.00000000000000000,0.00000000000000000,0.00000000000000000,0.00002196150000000,0.00002705690000000,0.00000000000000000,0.00000000000000000,0.00001380390000000,0.00001220370000000
PWY-5384: sucrose degradation IV (sucrose phosphorylase),0.00006020630000000,0.00009678480000000,0.00000398564000000,0.00006925500000000,0.00000650598000000,0.00000674847000000,0.00000424336000000,0.00000809277000000,0.00000768322000000,0.00004227040000000,0.00001444570000000,0.00001523480000000,0.00001187100000000,0.00000389236000000,0.00000274012000000,0.00000286863000000,0.00000336336000000,0.00000147020000000,0.00000078831100000,0.00000000000000000,0.00000000000000000,0.00000166776000000,0.00000944797000000,0.00000362353000000,0.00000000000000000,0.00001069770000000,0.00004268930000000,0.00005125040000000
PWY-5392: reductive TCA cycle II,0.00002153790000000,0.00002801770000000,0.00000161188000000,0.00003169780000000,0.00000110202000000,0.00000237932000000,0.00000000000000000,0.00000000000000000,0.00000038035700000,0.00001342120000000,0.00001237770000000,0.00000829772000000,0.00000305662000000,0.00000664810000000,0.00000122801000000,0.00000173789000000,0.00000642651000000,0.00000000000000000,0.00000394432000000,0.00000079622500000,0.00000136462000000,0.00000209473000000,0.00000681012000000,0.00000774635000000,0.00000240177000000,0.00000543097000000,0.00007938720000000,0.00001262120000000
PWY-5417: catechol degradation III (ortho-cleavage pathway),0.00000066461400000,0.00000054853100000,0.00000000000000000,0.00000000000000000,0.00000000000000000,0.00000000000000000,0.00000000000000000,0.00000000000000000,0.00000000000000000,0.00000000000000000,0.00000000000000000,0.00000000000000000,0.00000000000000000,0.00000000000000000,0.00000000000000000,0.00000000000000000,0.00000000000000000,0.00000000000000000,0.00000000000000000,0.00000000000000000,0.00000000000000000,0.00000000000000000,0.00000000000000000,0.00000000000000000,0.00000000000000000,0.00000000000000000,0.00000000000000000,0.00000000000000000
PWY-5431: aromatic compounds degradation via &beta;-ketoadipate,0.00000066461400000,0.00000054853100000,0.00000000000000000,0.00000000000000000,0.00000000000000000,0.00000000000000000,0.00000000000000000,0.00000000000000000,0.00000000000000000,0.00000000000000000,0.00000000000000000,0.00000000000000000,0.00000000000000000,0.00000000000000000,0.00000000000000000,0.00000000000000000,0.00000000000000000,0.00000000000000000,0.00000000000000000,0.00000000000000000,0.00000000000000000,0.00000000000000000,0.00000000000000000,0.00000000000000000,0.00000000000000000,0.00000000000000000,0.00000000000000000,0.00000000000000000
"PWY-5464: superpathway of cytosolic glycolysis (plants), pyruvate dehydrogenase and TCA cycle",0.00006192850000000,0.00005997090000000,0.00000878194000000,0.00003709140000000,0.00000967755000000,0.00001610410000000,0.00000303956000000,0.00000896967000000,0.00001198430000000,0.00002279300000000,0.00001014760000000,0.00002970040000000,0.00001052800000000,0.00000999667000000,0.00000733127000000,0.00000908741000000,0.00000785010000000,0.00000000000000000,0.00000201557000000,0.00000153422000000,0.00000111997000000,0.00000298089000000,0.00000836210000000,0.00000402064000000,0.00000075718600000,0.00000541661000000,0.00003066920000000,0.00002338210000000
PWY-5484: glycolysis II (from fructose 6-phosphate),0.00000000000000000,0.00000000000000000,0.00000000000000000,0.00000000000000000,0.00000000000000000,0.00000000000000000,0.00000000000000000,0.00000000000000000,0.00000000000000000,0.00000000000000000,0.00000000000000000,0.00000000000000000,0.00000000000000000,0.00000000000000000,0.00000000000000000,0.00000000000000000,0.00000000000000000,0.00000000000000000,0.00000000000000000,0.00000000000000000,0.00000000000000000,0.00000000000000000,0.00000000000000000,0.00000000000000000,0.00000000000000000,0.00000000000000000,0.00000000000000000,0.00000000000000000
PWY-5505: L-glutamate and L-glutamine biosynthesis,0.00002798210000000,0.00002692340000000,0.00000000000000000,0.00002256020000000,0.00000000000000000,0.00000000000000000,0.00004802970000000,0.00004043430000000,0.00003552970000000,0.00003400920000000,0.00003313510000000,0.00003446340000000,0.00004276380000000,0.00004281270000000,0.00000000000000000,0.00000000000000000,0.00003830970000000,0.00003897010000000,0.00004319080000000,0.00004305500000000,0.00004127480000000,0.00003207300000000,0.00006553970000000,0.00007368190000000,0.00002579560000000,0.00006431210000000,0.00001759400000000,0.00003150640000000
PWY-5532: adenosine nucleotides degradation IV,0.00000000000000000,0.00000000000000000,0.00000000000000000,0.00000000000000000,0.00000000000000000,0.00000000000000000,0.00000000000000000,0.00000000000000000,0.00000000000000000,0.00000000000000000,0.00000000000000000,0.00000000000000000,0.00000000000000000,0.00000000000000000,0.00000000000000000,0.00000000000000000,0.00000000000000000,0.00000000000000000,0.00000000000000000,0.00000000000000000,0.00000000000000000,0.00000000000000000,0.00000000000000000,0.00000058157600000,0.00000000000000000,0.00000000000000000,0.00000000000000000,0.00000000000000000
PWY-561: superpathway of glyoxylate cycle and fatty acid degradation,0.00006965120000000,0.00008566030000000,0.00000000000000000,0.00000000000000000,0.00000443821000000,0.00000716092000000,0.00000106022000000,0.00000000000000000,0.00000000000000000,0.00003405560000000,0.00002614670000000,0.00002644430000000,0.00000053266900000,0.00000000000000000,0.00000210269000000,0.00000000000000000,0.00000000000000000,0.00000000000000000,0.00000000000000000,0.00000000000000000,0.00000000000000000,0.00000000000000000,0.00000000000000000,0.00000000000000000,0.00000125442000000,0.00000000000000000,0.00008910000000000,0.00004524880000000
PWY-5656: mannosylglycerate biosynthesis I,0.00000539215000000,0.00000834059000000,0.00000000000000000,0.00000980719000000,0.00000196125000000,0.00000132592000000,0.00000000000000000,0.00000000000000000,0.00000000000000000,0.00000000000000000,0.00000000000000000,0.00000000000000000,0.00000000000000000,0.00000000000000000,0.00000000000000000,0.00000075670200000,0.00000000000000000,0.00000000000000000,0.00000000000000000,0.00000000000000000,0.00000000000000000,0.00000000000000000,0.00000000000000000,0.00000000000000000,0.00000000000000000,0.00000000000000000,0.00000129903000000,0.00000279815000000
PWY-5659: GDP-mannose biosynthesis,0.00007643270000000,0.00008854540000000,0.00000000000000000,0.00000000000000000,0.00000000000000000,0.00000000000000000,0.00000000000000000,0.00000000000000000,0.00000000000000000,0.00000000000000000,0.00000000000000000,0.00000000000000000,0.00000000000000000,0.00000000000000000,0.00000000000000000,0.00000000000000000,0.00009785580000000,0.00000000000000000,0.00000000000000000,0.00000000000000000,0.00000000000000000,0.00000000000000000,0.00008698880000000,0.00006893480000000,0.00000000000000000,0.00000000000000000,0.00000000000000000,0.00000000000000000
PWY-5667: CDP-diacylglycerol biosynthesis I,0.00000000000000000,0.00000000000000000,0.00000000000000000,0.00000000000000000,0.00000000000000000,0.00000000000000000,0.00000000000000000,0.00000000000000000,0.00000000000000000,0.00000000000000000,0.00000000000000000,0.00000000000000000,0.00000000000000000,0.00000000000000000,0.00000000000000000,0.00000000000000000,0.00000000000000000,0.00000000000000000,0.00000000000000000,0.00000000000000000,0.00000000000000000,0.00000000000000000,0.00000000000000000,0.00000000000000000,0.00000000000000000,0.00000000000000000,0.00000000000000000,0.00000000000000000
PWY-5675: nitrate reduction V (assimilatory),0.00000039802000000,0.00000358028000000,0.00000000000000000,0.00000124202000000,0.00000000000000000,0.00000050229000000,0.00000062069100000,0.00000000000000000,0.00000168286000000,0.00000085355800000,0.00000063857200000,0.00000093658600000,0.00000000000000000,0.00000000000000000,0.00000000000000000,0.00000000000000000,0.00000000000000000,0.00000212484000000,0.00000608257000000,0.00000230361000000,0.00000257408000000,0.00000340812000000,0.00000000000000000,0.00000000000000000,0.00000102365000000,0.00000031110600000,0.00000000000000000,0.00000267604000000
PWY-5676: acetyl-CoA fermentation to butanoate II,0.00009681980000000,0.00000000000000000,0.00006455550000000,0.00007145740000000,0.00002986850000000,0.00006049910000000,0.00005622150000000,0.00005682220000000,0.00009072640000000,0.00005480160000000,0.00005217350000000,0.00006234840000000,0.00004951660000000,0.00004201200000000,0.00004226210000000,0.00005870210000000,0.00005552950000000,0.00003632220000000,0.00004045450000000,0.00003171590000000,0.00004042400000000,0.00004019150000000,0.00004243210000000,0.00002419320000000,0.00003426980000000,0.00004173390000000,0.00006183260000000,0.00004858080000000
PWY-5677: succinate fermentation to butanoate,0.00004067700000000,0.00003387500000000,0.00000293408000000,0.00001717390000000,0.00000241478000000,0.00000557895000000,0.00000684633000000,0.00000816266000000,0.00000766868000000,0.00000674454000000,0.00000507938000000,0.00000656618000000,0.00000755699000000,0.00000515803000000,0.00000137582000000,0.00000185662000000,0.00000501344000000,0.00000239658000000,0.00000634901000000,0.00000651688000000,0.00000906299000000,0.00000607086000000,0.00000588714000000,0.00000374365000000,0.00000516766000000,0.00000268450000000,0.00001588870000000,0.00000655814000000
PWY-5686: UMP biosynthesis,0.00000000000000000,0.00000000000000000,0.00000000000000000,0.00000000000000000,0.00000000000000000,0.00000000000000000,0.00000000000000000,0.00000000000000000,0.00000000000000000,0.00000000000000000,0.00000000000000000,0.00000000000000000,0.00000000000000000,0.00000000000000000,0.00000000000000000,0.00000000000000000,0.00000000000000000,0.00000000000000000,0.00000000000000000,0.00000000000000000,0.00000000000000000,0.00000000000000000,0.00000000000000000,0.00000000000000000,0.00000000000000000,0.00000000000000000,0.00000000000000000,0.00000000000000000
PWY-5690: TCA cycle II (plants and fungi),0.00009911010000000,0.00000000000000000,0.00007275260000000,0.00000000000000000,0.00009615640000000,0.00007212170000000,0.00000541465000000,0.00001975160000000,0.00001442040000000,0.00004782930000000,0.00004758400000000,0.00005430430000000,0.00001610400000000,0.00001719470000000,0.00007939820000000,0.00008100610000000,0.00003177160000000,0.00000952724000000,0.00001535080000000,0.00000840316000000,0.00000912395000000,0.00000783997000000,0.00002351040000000,0.00002488800000000,0.00001046030000000,0.00003039600000000,0.00000000000000000,0.00005708960000000
PWY-5692: allantoin degradation to glyoxylate II,0.00000000000000000,0.00000000000000000,0.00000000000000000,0.00000000000000000,0.00000000000000000,0.00000119032000000,0.00000049228700000,0.00000000000000000,0.00000000000000000,0.00000000000000000,0.00000000000000000,0.00000000000000000,0.00000000000000000,0.00000000000000000,0.00000086744600000,0.00000070360900000,0.00000037925300000,0.00000000000000000,0.00000000000000000,0.00000000000000000,0.00000000000000000,0.00000000000000000,0.00000000000000000,0.00000000000000000,0.00000000000000000,0.00000000000000000,0.00000000000000000,0.00000000000000000
PWY-5695: urate biosynthesis/inosine 5'-phosphate degradation,0.00000000000000000,0.00000000000000000,0.00000000000000000,0.00000000000000000,0.00000000000000000,0.00000000000000000,0.00000000000000000,0.00000000000000000,0.00000000000000000,0.00000000000000000,0.00000000000000000,0.00000000000000000,0.00000000000000000,0.00000000000000000,0.00000000000000000,0.00000000000000000,0.00000000000000000,0.00000000000000000,0.00000000000000000,0.00000000000000000,0.00000000000000000,0.00000000000000000,0.00000000000000000,0.00000000000000000,0.00000000000000000,0.00000000000000000,0.00000000000000000,0.00000000000000000
PWY-5705: allantoin degradation to glyoxylate III,0.00001443920000000,0.00002498410000000,0.00000000000000000,0.00004243620000000,0.00000080682000000,0.00000291085000000,0.00000078867900000,0.00000311672000000,0.00000334885000000,0.00000066331800000,0.00000051442200000,0.00000035685600000,0.00000215861000000,0.00000000000000000,0.00000170667000000,0.00000160213000000,0.00000086948100000,0.00000000000000000,0.00000000000000000,0.00000422915000000,0.00000133251000000,0.00000053174200000,0.00000045190900000,0.00000189736000000,0.00000213804000000,0.00000390809000000,0.00001270020000000,0.00000686556000000
PWY-5723: Rubisco shunt,0.00000000000000000,0.00000000000000000,0.00000639441000000,0.00000000000000000,0.00000698100000000,0.00000429140000000,0.00000000000000000,0.00000000000000000,0.00000000000000000,0.00002775210000000,0.00003343400000000,0.00002588560000000,0.00000000000000000,0.00000000000000000,0.00000332994000000,0.00000209041000000,0.00000000000000000,0.00000000000000000,0.00000000000000000,0.00000000000000000,0.00000000000000000,0.00000000000000000,0.00000000000000000,0.00000160421000000,0.00000000000000000,0.00000000000000000,0.00000000000000000,0.00007157680000000
PWY-5747: 2-methylcitrate cycle II,0.00000937355000000,0.00001883890000000,0.00000063409000000,0.00002007840000000,0.00000079050300000,0.00000093869200000,0.00000049182300000,0.00000000000000000,0.00000000000000000,0.00000566838000000,0.00000911792000000,0.00000568753000000,0.00000000000000000,0.00000000000000000,0.00000060620000000,0.00000000000000000,0.00000000000000000,0.00000000000000000,0.00000000000000000,0.00000000000000000,0.00000000000000000,0.00000000000000000,0.00000000000000000,0.00000000000000000,0.00000038448100000,0.00000000000000000,0.00001626970000000,0.00000908952000000
"PWY-5791: 1,4-dihydroxy-2-naphthoate biosynthesis II (plants)",0.00002939370000000,0.00004475590000000,0.00000000000000000,0.00003852310000000,0.00000332685000000,0.00000081227900000,0.00000000000000000,0.00000000000000000,0.00000271794000000,0.00001908560000000,0.00001836400000000,0.00001677220000000,0.00000000000000000,0.00000000000000000,0.00000000000000000,0.00000000000000000,0.00000000000000000,0.00000000000000000,0.00000067085400000,0.00000000000000000,0.00000000000000000,0.00000000000000000,0.00000000000000000,0.00000000000000000,0.00000000000000000,0.00000000000000000,0.00003579720000000,0.00002659430000000
"PWY-5837: 1,4-dihydroxy-2-naphthoate biosynthesis I",0.00002939370000000,0.00004475590000000,0.00000000000000000,0.00003852310000000,0.00000332685000000,0.00000081227900000,0.00000000000000000,0.00000000000000000,0.00000271794000000,0.00001908560000000,0.00001836400000000,0.00001677220000000,0.00000000000000000,0.00000000000000000,0.00000000000000000,0.00000000000000000,0.00000000000000000,0.00000000000000000,0.00000067085400000,0.00000000000000000,0.00000000000000000,0.00000000000000000,0.00000000000000000,0.00000000000000000,0.00000000000000000,0.00000000000000000,0.00003579720000000,0.00002659430000000
PWY-5838: superpathway of menaquinol-8 biosynthesis I,0.00003171080000000,0.00004163900000000,0.00000000000000000,0.00007154060000000,0.00000951004000000,0.00000270042000000,0.00000000000000000,0.00000000000000000,0.00000863262000000,0.00004123030000000,0.00001590250000000,0.00003014260000000,0.00000000000000000,0.00000000000000000,0.00000000000000000,0.00000000000000000,0.00000000000000000,0.00000000000000000,0.00000176333000000,0.00000000000000000,0.00000000000000000,0.00000000000000000,0.00000000000000000,0.00000000000000000,0.00000000000000000,0.00000000000000000,0.00004499010000000,0.00004494390000000
PWY-5840: superpathway of menaquinol-7 biosynthesis,0.00003028350000000,0.00003779050000000,0.00000000000000000,0.00004602090000000,0.00001095050000000,0.00000269157000000,0.00000000000000000,0.00000000000000000,0.00000870142000000,0.00003930470000000,0.00003968040000000,0.00003457220000000,0.00000000000000000,0.00000000000000000,0.00000000000000000,0.00000000000000000,0.00000000000000000,0.00000000000000000,0.00000113826000000,0.00000000000000000,0.00000000000000000,0.00000000000000000,0.00000000000000000,0.00000000000000000,0.00000000000000000,0.00000000000000000,0.00003580110000000,0.00002662430000000
PWY-5855: ubiquinol-7 biosynthesis (prokaryotic),0.00003082740000000,0.00004422840000000,0.00000000000000000,0.00005369560000000,0.00000104402000000,0.00000316295000000,0.00000000000000000,0.00000000000000000,0.00000000000000000,0.00001043150000000,0.00000929423000000,0.00000939396000000,0.00000000000000000,0.00000000000000000,0.00000000000000000,0.00000034349700000,0.00000000000000000,0.00000000000000000,0.00000000000000000,0.00000000000000000,0.00000000000000000,0.00000000000000000,0.00000000000000000,0.00000000000000000,0.00000000000000000,0.00000000000000000,0.00005684890000000,0.00001998250000000
PWY-5856: ubiquinol-9 biosynthesis (prokaryotic),0.00003082740000000,0.00004422840000000,0.00000000000000000,0.00005369560000000,0.00000104402000000,0.00000316295000000,0.00000000000000000,0.00000000000000000,0.00000000000000000,0.00001043150000000,0.00000929423000000,0.00000939396000000,0.00000000000000000,0.00000000000000000,0.00000000000000000,0.00000034349700000,0.00000000000000000,0.00000000000000000,0.00000000000000000,0.00000000000000000,0.00000000000000000,0.00000000000000000,0.00000000000000000,0.00000000000000000,0.00000000000000000,0.00000000000000000,0.00005684890000000,0.00001998250000000
PWY-5857: ubiquinol-10 biosynthesis (prokaryotic),0.00003082740000000,0.00004422840000000,0.00000000000000000,0.00005369560000000,0.00000104402000000,0.00000316295000000,0.00000000000000000,0.00000000000000000,0.00000000000000000,0.00001043150000000,0.00000929423000000,0.00000939396000000,0.00000000000000000,0.00000000000000000,0.00000000000000000,0.00000034349700000,0.00000000000000000,0.00000000000000000,0.00000000000000000,0.00000000000000000,0.00000000000000000,0.00000000000000000,0.00000000000000000,0.00000000000000000,0.00000000000000000,0.00000000000000000,0.00005684890000000,0.00001998250000000
PWY-5861: superpathway of demethylmenaquinol-8 biosynthesis,0.00003168920000000,0.00004155840000000,0.00000000000000000,0.00005159280000000,0.00000641242000000,0.00000180540000000,0.00000000000000000,0.00000000000000000,0.00000580528000000,0.00002852880000000,0.00001075990000000,0.00002069410000000,0.00000000000000000,0.00000000000000000,0.00000000000000000,0.00000000000000000,0.00000000000000000,0.00000000000000000,0.00000117763000000,0.00000000000000000,0.00000000000000000,0.00000000000000000,0.00000000000000000,0.00000000000000000,0.00000000000000000,0.00000000000000000,0.00003612450000000,0.00003142300000000
PWY-5863: superpathway of phylloquinol biosynthesis,0.00002749930000000,0.00003822650000000,0.00000000000000000,0.00002847270000000,0.00000368679000000,0.00000091549900000,0.00000000000000000,0.00000000000000000,0.00000303961000000,0.00001859180000000,0.00001840240000000,0.00001623370000000,0.00000000000000000,0.00000000000000000,0.00000000000000000,0.00000000000000000,0.00000000000000000,0.00000000000000000,0.00000075277700000,0.00000000000000000,0.00000000000000000,0.00000000000000000,0.00000000000000000,0.00000000000000000,0.00000000000000000,0.00000000000000000,0.00003108260000000,0.00002541920000000
PWY-5897: superpathway of menaquinol-11 biosynthesis,0.00003206390000000,0.00004433000000000,0.00000000000000000,0.00009311910000000,0.00000973335000000,0.00000242391000000,0.00000000000000000,0.00000000000000000,0.00000799490000000,0.00005266860000000,0.00005072050000000,0.00004671630000000,0.00000000000000000,0.00000000000000000,0.00000000000000000,0.00000000000000000,0.00000000000000000,0.00000000000000000,0.00000200474000000,0.00000000000000000,0.00000000000000000,0.00000000000000000,0.00000000000000000,0.00000000000000000,0.00000000000000000,0.00000000000000000,0.00004904460000000,0.00006997160000000
PWY-5898: superpathway of menaquinol-12 biosynthesis,0.00003206390000000,0.00004433000000000,0.00000000000000000,0.00009311910000000,0.00000973335000000,0.00000242391000000,0.00000000000000000,0.00000000000000000,0.00000799490000000,0.00005266860000000,0.00005072050000000,0.00004671630000000,0.00000000000000000,0.00000000000000000,0.00000000000000000,0.00000000000000000,0.00000000000000000,0.00000000000000000,0.00000200474000000,0.00000000000000000,0.00000000000000000,0.00000000000000000,0.00000000000000000,0.00000000000000000,0.00000000000000000,0.00000000000000000,0.00004904460000000,0.00006997160000000
PWY-5899: superpathway of menaquinol-13 biosynthesis,0.00003206390000000,0.00004433000000000,0.00000000000000000,0.00009311910000000,0.00000973335000000,0.00000242391000000,0.00000000000000000,0.00000000000000000,0.00000799490000000,0.00005266860000000,0.00005072050000000,0.00004671630000000,0.00000000000000000,0.00000000000000000,0.00000000000000000,0.00000000000000000,0.00000000000000000,0.00000000000000000,0.00000200474000000,0.00000000000000000,0.00000000000000000,0.00000000000000000,0.00000000000000000,0.00000000000000000,0.00000000000000000,0.00000000000000000,0.00004904460000000,0.00006997160000000
PWY-5910: superpathway of geranylgeranyldiphosphate biosynthesis I (via mevalonate),0.00000586815000000,0.00000598121000000,0.00000000000000000,0.00000357232000000,0.00000000000000000,0.00000000000000000,0.00000000000000000,0.00000000000000000,0.00000000000000000,0.00000066826200000,0.00000000000000000,0.00000000000000000,0.00000000000000000,0.00000000000000000,0.00000000000000000,0.00000000000000000,0.00000000000000000,0.00000000000000000,0.00000000000000000,0.00000000000000000,0.00000000000000000,0.00000000000000000,0.00000000000000000,0.00000000000000000,0.00000000000000000,0.00000000000000000,0.00000400422000000,0.00000000000000000
PWY-5913: TCA cycle VI (obligate autotrophs),0.00007356200000000,0.00007295720000000,0.00000227037000000,0.00000000000000000,0.00000151361000000,0.00000200865000000,0.00000000000000000,0.00000000000000000,0.00000029442600000,0.00000000000000000,0.00000000000000000,0.00000000000000000,0.00000211905000000,0.00000793621000000,0.00000083783400000,0.00000411038000000,0.00001056850000000,0.00000600462000000,0.00001457860000000,0.00001170610000000,0.00001400630000000,0.00000951930000000,0.00001366890000000,0.00001589440000000,0.00000965979000000,0.00001636250000000,0.00009359900000000,0.00000000000000000
PWY-5918: superpathay of heme biosynthesis from glutamate,0.00005846970000000,0.00006464760000000,0.00000349923000000,0.00003832870000000,0.00000642810000000,0.00000567915000000,0.00000358682000000,0.00000328238000000,0.00000446955000000,0.00002876140000000,0.00003236300000000,0.00003032290000000,0.00000000000000000,0.00000357434000000,0.00000456642000000,0.00000338704000000,0.00001596650000000,0.00001173070000000,0.00001294090000000,0.00001417230000000,0.00001603770000000,0.00001739470000000,0.00001393350000000,0.00002185540000000,0.00001192530000000,0.00002456260000000,0.00008808540000000,0.00004030690000000
PWY-5920: superpathway of heme biosynthesis from glycine,0.00000167011000000,0.00000473274000000,0.00000000000000000,0.00000206966000000,0.00000305353000000,0.00000315992000000,0.00000000000000000,0.00000159770000000,0.00000182979000000,0.00001806250000000,0.00001396230000000,0.00001836270000000,0.00000000000000000,0.00000207003000000,0.00000130897000000,0.00000177233000000,0.00000227186000000,0.00000000000000000,0.00000000000000000,0.00000000000000000,0.00000000000000000,0.00000202240000000,0.00000000000000000,0.00000000000000000,0.00000000000000000,0.00000000000000000,0.00000170849000000,0.00001852870000000
PWY-5941: glycogen degradation II (eukaryotic),0.00003672680000000,0.00000983848000000,0.00008288970000000,0.00000000000000000,0.00000000000000000,0.00008321360000000,0.00000000000000000,0.00000000000000000,0.00000000000000000,0.00008219470000000,0.00008837920000000,0.00009158000000000,0.00000000000000000,0.00000000000000000,0.00009376320000000,0.00009784100000000,0.00009904610000000,0.00001896890000000,0.00003873020000000,0.00002917630000000,0.00002738130000000,0.00003079310000000,0.00007871950000000,0.00006167960000000,0.00002702480000000,0.00009628370000000,0.00001018600000000,0.00009073390000000
PWY-5971: palmitate biosynthesis II (bacteria and plants),0.00000000000000000,0.00000000000000000,0.00000000000000000,0.00000000000000000,0.00000000000000000,0.00000000000000000,0.00000000000000000,0.00009075710000000,0.00009496880000000,0.00000000000000000,0.00000000000000000,0.00006414400000000,0.00000000000000000,0.00000000000000000,0.00000000000000000,0.00000000000000000,0.00000000000000000,0.00000000000000000,0.00000000000000000,0.00000000000000000,0.00000000000000000,0.00000000000000000,0.00000000000000000,0.00000000000000000,0.00000000000000000,0.00000000000000000,0.00000000000000000,0.00000000000000000
PWY-5973: cis-vaccenate biosynthesis,0.00000000000000000,0.00000000000000000,0.00000000000000000,0.00000000000000000,0.00000000000000000,0.00000000000000000,0.00000000000000000,0.00000000000000000,0.00000000000000000,0.00000000000000000,0.00000000000000000,0.00000000000000000,0.00000000000000000,0.00000000000000000,0.00000000000000000,0.00000000000000000,0.00000000000000000,0.00004581880000000,0.00006653330000000,0.00009738800000000,0.00007599270000000,0.00008126600000000,0.00000000000000000,0.00000000000000000,0.00006044710000000,0.00000000000000000,0.00000000000000000,0.00000000000000000
PWY-5989: stearate biosynthesis II (bacteria and plants),0.00007562210000000,0.00009233920000000,0.00000000000000000,0.00000000000000000,0.00000000000000000,0.00000000000000000,0.00000000000000000,0.00000000000000000,0.00000000000000000,0.00008878850000000,0.00009674500000000,0.00009683430000000,0.00000000000000000,0.00000000000000000,0.00000000000000000,0.00000000000000000,0.00000000000000000,0.00005419900000000,0.00007799860000000,0.00000000000000000,0.00008901990000000,0.00009502680000000,0.00000000000000000,0.00000000000000000,0.00007132350000000,0.00000000000000000,0.00009377400000000,0.00008788890000000
PWY-6060: malonate degradation II (biotin-dependent),0.00000000000000000,0.00000000000000000,0.00000000000000000,0.00000000000000000,0.00000000000000000,0.00000000000000000,0.00000000000000000,0.00000000000000000,0.00000000000000000,0.00000088239700000,0.00000000000000000,0.00000000000000000,0.00000000000000000,0.00000000000000000,0.00000000000000000,0.00000000000000000,0.00000979600000000,0.00000000000000000,0.00000000000000000,0.00000000000000000,0.00000000000000000,0.00000000000000000,0.00001143000000000,0.00000696752000000,0.00000136438000000,0.00000966722000000,0.00000000000000000,0.00000028784000000
PWY-6071: superpathway of phenylethylamine degradation,0.00000425749000000,0.00000862434000000,0.00000000000000000,0.00000462778000000,0.00000000000000000,0.00000000000000000,0.00000000000000000,0.00000000000000000,0.00000000000000000,0.00000000000000000,0.00000000000000000,0.00000047962900000,0.00000000000000000,0.00000000000000000,0.00000000000000000,0.00000000000000000,0.00000000000000000,0.00000000000000000,0.00000000000000000,0.00000000000000000,0.00000000000000000,0.00000000000000000,0.00000000000000000,0.00000000000000000,0.00000000000000000,0.00000000000000000,0.00001450180000000,0.00000175224000000
PWY-6113: superpathway of mycolate biosynthesis,0.00008382530000000,0.00009905530000000,0.00004811570000000,0.00008209970000000,0.00007976210000000,0.00000000000000000,0.00000000000000000,0.00003253800000000,0.00004035840000000,0.00000000000000000,0.00000000000000000,0.00001978190000000,0.00006798260000000,0.00005407490000000,0.00005613060000000,0.00004998680000000,0.00000000000000000,0.00000000000000000,0.00000000000000000,0.00000000000000000,0.00000000000000000,0.00000000000000000,0.00000000000000000,0.00000000000000000,0.00000000000000000,0.00000000000000000,0.00008993710000000,0.00000000000000000
PWY-6121: 5-aminoimidazole ribonucleotide biosynthesis I,0.00000000000000000,0.00000000000000000,0.00000000000000000,0.00000000000000000,0.00000000000000000,0.00000000000000000,0.00000000000000000,0.00000000000000000,0.00000000000000000,0.00000000000000000,0.00000000000000000,0.00000000000000000,0.00000000000000000,0.00000000000000000,0.00000000000000000,0.00000000000000000,0.00000000000000000,0.00000000000000000,0.00000000000000000,0.00000000000000000,0.00000000000000000,0.00000000000000000,0.00000000000000000,0.00000000000000000,0.00000000000000000,0.00000000000000000,0.00000000000000000,0.00000000000000000
PWY-6122: 5-aminoimidazole ribonucleotide biosynthesis II,0.00000000000000000,0.00000000000000000,0.00000000000000000,0.00000000000000000,0.00000000000000000,0.00000000000000000,0.00000000000000000,0.00000000000000000,0.00000000000000000,0.00000000000000000,0.00000000000000000,0.00000000000000000,0.00000000000000000,0.00000000000000000,0.00000000000000000,0.00000000000000000,0.00000000000000000,0.00000000000000000,0.00000000000000000,0.00000000000000000,0.00000000000000000,0.00000000000000000,0.00000000000000000,0.00000000000000000,0.00000000000000000,0.00000000000000000,0.00000000000000000,0.00000000000000000
PWY-6123: inosine-5'-phosphate biosynthesis I,0.00000000000000000,0.00000000000000000,0.00000000000000000,0.00000000000000000,0.00000000000000000,0.00000000000000000,0.00000000000000000,0.00000000000000000,0.00000000000000000,0.00000000000000000,0.00000000000000000,0.00000000000000000,0.00000000000000000,0.00000000000000000,0.00000000000000000,0.00000000000000000,0.00000000000000000,0.00000000000000000,0.00000000000000000,0.00000000000000000,0.00000000000000000,0.00000000000000000,0.00000000000000000,0.00000000000000000,0.00000000000000000,0.00000000000000000,0.00000000000000000,0.00000000000000000
PWY-6124: inosine-5'-phosphate biosynthesis II,0.00000000000000000,0.00000000000000000,0.00000000000000000,0.00000000000000000,0.00000000000000000,0.00000000000000000,0.00000000000000000,0.00000000000000000,0.00000000000000000,0.00000000000000000,0.00000000000000000,0.00000000000000000,0.00000000000000000,0.00000000000000000,0.00000000000000000,0.00000000000000000,0.00000000000000000,0.00000000000000000,0.00000000000000000,0.00000000000000000,0.00000000000000000,0.00000000000000000,0.00000000000000000,0.00000000000000000,0.00000000000000000,0.00000000000000000,0.00000000000000000,0.00000000000000000
PWY-6125: superpathway of guanosine nucleotides de novo biosynthesis II,0.00008404040000000,0.00009992130000000,0.00000000000000000,0.00008098370000000,0.00000000000000000,0.00000000000000000,0.00000000000000000,0.00000000000000000,0.00000000000000000,0.00000000000000000,0.00000000000000000,0.00000000000000000,0.00000000000000000,0.00000000000000000,0.00000000000000000,0.00000000000000000,0.00000000000000000,0.00000000000000000,0.00000000000000000,0.00000000000000000,0.00000000000000000,0.00000000000000000,0.00000000000000000,0.00000000000000000,0.00000000000000000,0.00000000000000000,0.00000000000000000,0.00000000000000000
PWY-6126: superpathway of adenosine nucleotides de novo biosynthesis II,0.00000000000000000,0.00000000000000000,0.00000000000000000,0.00000000000000000,0.00000000000000000,0.00000000000000000,0.00000000000000000,0.00000000000000000,0.00000000000000000,0.00000000000000000,0.00000000000000000,0.00000000000000000,0.00000000000000000,0.00000000000000000,0.00000000000000000,0.00000000000000000,0.00000000000000000,0.00000000000000000,0.00000000000000000,0.00000000000000000,0.00000000000000000,0.00000000000000000,0.00000000000000000,0.00000000000000000,0.00000000000000000,0.00000000000000000,0.00000000000000000,0.00000000000000000
PWY-6138: CMP-N-acetylneuraminate biosynthesis I (eukaryotes),0.00000038919100000,0.00000028973400000,0.00000000000000000,0.00000000000000000,0.00000000000000000,0.00000000000000000,0.00000000000000000,0.00000000000000000,0.00000085560000000,0.00000000000000000,0.00000000000000000,0.00000074228500000,0.00000097181200000,0.00000000000000000,0.00000000000000000,0.00000000000000000,0.00000000000000000,0.00000000000000000,0.00000000000000000,0.00000000000000000,0.00000000000000000,0.00000000000000000,0.00000000000000000,0.00000000000000000,0.00000000000000000,0.00000000000000000,0.00000000000000000,0.00000037696600000
PWY-6143: CMP-pseudaminate biosynthesis,0.00000000000000000,0.00000000000000000,0.00000000000000000,0.00000000000000000,0.00000000000000000,0.00000000000000000,0.00000000000000000,0.00000000000000000,0.00000000000000000,0.00000000000000000,0.00000000000000000,0.00000000000000000,0.00000240364000000,0.00000461501000000,0.00000000000000000,0.00000000000000000,0.00000000000000000,0.00000000000000000,0.00000000000000000,0.00000000000000000,0.00000000000000000,0.00000000000000000,0.00000000000000000,0.00000000000000000,0.00000000000000000,0.00000000000000000,0.00000000000000000,0.00000000000000000
PWY-6145: superpathway of sialic acids and CMP-sialic acids biosynthesis,0.00000000000000000,0.00000000000000000,0.00000000000000000,0.00000000000000000,0.00000000000000000,0.00000000000000000,0.00000000000000000,0.00000228369000000,0.00000152361000000,0.00000000000000000,0.00000000000000000,0.00000075146100000,0.00000185252000000,0.00000000000000000,0.00000000000000000,0.00000000000000000,0.00000000000000000,0.00000000000000000,0.00000000000000000,0.00000000000000000,0.00000000000000000,0.00000000000000000,0.00000000000000000,0.00000000000000000,0.00000000000000000,0.00000000000000000,0.00000000000000000,0.00000000000000000
PWY-6147: 6-hydroxymethyl-dihydropterin diphosphate biosynthesis I,0.00004846060000000,0.00005638440000000,0.00000000000000000,0.00006465320000000,0.00000000000000000,0.00000000000000000,0.00000000000000000,0.00009477580000000,0.00000000000000000,0.00007302200000000,0.00006033610000000,0.00008530180000000,0.00000000000000000,0.00000000000000000,0.00000000000000000,0.00000000000000000,0.00009987270000000,0.00000000000000000,0.00000000000000000,0.00000000000000000,0.00000000000000000,0.00000000000000000,0.00000000000000000,0.00009654300000000,0.00000000000000000,0.00000000000000000,0.00005432300000000,0.00007813440000000
PWY-6151: S-adenosyl-L-methionine cycle I,0.00000000000000000,0.00000000000000000,0.00000000000000000,0.00000000000000000,0.00000000000000000,0.00000000000000000,0.00000000000000000,0.00000000000000000,0.00000000000000000,0.00000000000000000,0.00000000000000000,0.00000000000000000,0.00000000000000000,0.00000000000000000,0.00000000000000000,0.00000000000000000,0.00000000000000000,0.00000000000000000,0.00000000000000000,0.00000000000000000,0.00000000000000000,0.00000000000000000,0.00000000000000000,0.00000000000000000,0.00000000000000000,0.00000000000000000,0.00000000000000000,0.00000000000000000
PWY-6163: chorismate biosynthesis from 3-dehydroquinate,0.00000000000000000,0.00000000000000000,0.00000000000000000,0.00000000000000000,0.00000000000000000,0.00000000000000000,0.00000000000000000,0.00000000000000000,0.00000000000000000,0.00000000000000000,0.00000000000000000,0.00000000000000000,0.00000000000000000,0.00000000000000000,0.00000000000000000,0.00000000000000000,0.00000000000000000,0.00000000000000000,0.00000000000000000,0.00000000000000000,0.00000000000000000,0.00000000000000000,0.00000000000000000,0.00000000000000000,0.00000000000000000,0.00000000000000000,0.00000000000000000,0.00000000000000000
PWY-6165: chorismate biosynthesis II (archaea),0.00000000000000000,0.00000000000000000,0.00000213040000000,0.00000000000000000,0.00000000000000000,0.00000571303000000,0.00000000000000000,0.00000000000000000,0.00000000000000000,0.00000000000000000,0.00000000000000000,0.00000000000000000,0.00000000000000000,0.00000000000000000,0.00000000000000000,0.00000000000000000,0.00000000000000000,0.00000000000000000,0.00000000000000000,0.00000000000000000,0.00000074595700000,0.00000000000000000,0.00000000000000000,0.00000000000000000,0.00000000000000000,0.00000000000000000,0.00000000000000000,0.00000000000000000
PWY-6167: flavin biosynthesis II (archaea),0.00000000000000000,0.00000000000000000,0.00000000000000000,0.00000000000000000,0.00000000000000000,0.00000171735000000,0.00000000000000000,0.00000000000000000,0.00000000000000000,0.00000000000000000,0.00000000000000000,0.00000000000000000,0.00000000000000000,0.00000000000000000,0.00000000000000000,0.00000000000000000,0.00000000000000000,0.00000000000000000,0.00000000000000000,0.00000000000000000,0.00000000000000000,0.00000000000000000,0.00000000000000000,0.00000000000000000,0.00000000000000000,0.00000000000000000,0.00000000000000000,0.00000000000000000
PWY-6168: flavin biosynthesis III (fungi),0.00008670500000000,0.00008942810000000,0.00000000000000000,0.00000000000000000,0.00000000000000000,0.00000000000000000,0.00000000000000000,0.00000000000000000,0.00000000000000000,0.00000000000000000,0.00000000000000000,0.00000000000000000,0.00000000000000000,0.00000000000000000,0.00000000000000000,0.00000000000000000,0.00000000000000000,0.00000000000000000,0.00000000000000000,0.00000000000000000,0.00000000000000000,0.00000000000000000,0.00000000000000000,0.00000000000000000,0.00000000000000000,0.00000000000000000,0.00008888450000000,0.00000000000000000
PWY-6182: superpathway of salicylate degradation,0.00000000000000000,0.00000000000000000,0.00000000000000000,0.00000000000000000,0.00000000000000000,0.00000000000000000,0.00000000000000000,0.00000000000000000,0.00000000000000000,0.00000000000000000,0.00000000000000000,0.00000000000000000,0.00000000000000000,0.00000000000000000,0.00000000000000000,0.00000000000000000,0.00000000000000000,0.00000000000000000,0.00000000000000000,0.00000000000000000,0.00000000000000000,0.00000000000000000,0.00000000000000000,0.00000000000000000,0.00000000000000000,0.00000000000000000,0.00000000000000000,0.00000000000000000
PWY-6185: 4-methylcatechol degradation (ortho cleavage),0.00000069339900000,0.00000052430100000,0.00000000000000000,0.00000000000000000,0.00000000000000000,0.00000000000000000,0.00000000000000000,0.00000000000000000,0.00000000000000000,0.00000000000000000,0.00000000000000000,0.00000000000000000,0.00000000000000000,0.00000000000000000,0.00000000000000000,0.00000000000000000,0.00000000000000000,0.00000000000000000,0.00000000000000000,0.00000000000000000,0.00000000000000000,0.00000000000000000,0.00000000000000000,0.00000000000000000,0.00000000000000000,0.00000000000000000,0.00000000000000000,0.00000052596100000
PWY-621: sucrose degradation III (sucrose invertase),0.00009816120000000,0.00000000000000000,0.00005975450000000,0.00009549770000000,0.00003870060000000,0.00002311240000000,0.00002104840000000,0.00002322310000000,0.00002932040000000,0.00004521940000000,0.00004559900000000,0.00004198610000000,0.00004636370000000,0.00002589050000000,0.00003757500000000,0.00003256610000000,0.00005126740000000,0.00005048100000000,0.00008349020000000,0.00005886520000000,0.00006595130000000,0.00006544640000000,0.00005545070000000,0.00003437210000000,0.00005292110000000,0.00005226430000000,0.00000000000000000,0.00005773300000000
PWY-622: starch biosynthesis,0.00001311870000000,0.00001456820000000,0.00000095794700000,0.00000218899000000,0.00000000000000000,0.00000000000000000,0.00000122404000000,0.00000000000000000,0.00000000000000000,0.00001192030000000,0.00000448691000000,0.00000420524000000,0.00000175611000000,0.00000000000000000,0.00000043385800000,0.00000000000000000,0.00000000000000000,0.00000000000000000,0.00000000000000000,0.00000000000000000,0.00000000000000000,0.00000081478600000,0.00000039750800000,0.00000000000000000,0.00000000000000000,0.00000000000000000,0.00000877088000000,0.00000679355000000
PWY-6263: superpathway of menaquinol-8 biosynthesis II,0.00000000000000000,0.00000000000000000,0.00000000000000000,0.00000000000000000,0.00000000000000000,0.00000000000000000,0.00000556720000000,0.00000202683000000,0.00000447261000000,0.00000833158000000,0.00000721702000000,0.00000876682000000,0.00000975102000000,0.00000749938000000,0.00000000000000000,0.00000000000000000,0.00000289281000000,0.00000000000000000,0.00000000000000000,0.00000000000000000,0.00000000000000000,0.00000000000000000,0.00000126675000000,0.00000106776000000,0.00000000000000000,0.00000177211000000,0.00002590890000000,0.00000599793000000
PWY-6269: adenosylcobalamin salvage from cobinamide II,0.00000000000000000,0.00000000000000000,0.00000000000000000,0.00000000000000000,0.00000000000000000,0.00000438085000000,0.00000000000000000,0.00000000000000000,0.00000766384000000,0.00000000000000000,0.00000000000000000,0.00000000000000000,0.00000270902000000,0.00000000000000000,0.00000000000000000,0.00000000000000000,0.00001416230000000,0.00000000000000000,0.00000000000000000,0.00000000000000000,0.00000000000000000,0.00000000000000000,0.00000974832000000,0.00000808686000000,0.00000000000000000,0.00000644438000000,0.00000000000000000,0.00000000000000000
PWY-6270: isoprene biosynthesis I,0.00000000000000000,0.00000000000000000,0.00001067330000000,0.00000000000000000,0.00002113350000000,0.00003856750000000,0.00006288050000000,0.00004229930000000,0.00003467950000000,0.00000000000000000,0.00005918370000000,0.00006930290000000,0.00003756250000000,0.00008445710000000,0.00003994320000000,0.00003244900000000,0.00003957280000000,0.00000000000000000,0.00000688118000000,0.00000000000000000,0.00000000000000000,0.00000000000000000,0.00004613490000000,0.00003898230000000,0.00000000000000000,0.00003665830000000,0.00000000000000000,0.00009543670000000
PWY-6277: superpathway of 5-aminoimidazole ribonucleotide biosynthesis,0.00000000000000000,0.00000000000000000,0.00000000000000000,0.00000000000000000,0.00000000000000000,0.00000000000000000,0.00000000000000000,0.00000000000000000,0.00000000000000000,0.00000000000000000,0.00000000000000000,0.00000000000000000,0.00000000000000000,0.00000000000000000,0.00000000000000000,0.00000000000000000,0.00000000000000000,0.00000000000000000,0.00000000000000000,0.00000000000000000,0.00000000000000000,0.00000000000000000,0.00000000000000000,0.00000000000000000,0.00000000000000000,0.00000000000000000,0.00000000000000000,0.00000000000000000
PWY-6282: palmitoleate biosynthesis I (from (5Z)-dodec-5-enoate),0.00009044220000000,0.00000000000000000,0.00000000000000000,0.00009420790000000,0.00000000000000000,0.00000000000000000,0.00000000000000000,0.00000000000000000,0.00000000000000000,0.00008554640000000,0.00009271820000000,0.00009274410000000,0.00000000000000000,0.00000000000000000,0.00000000000000000,0.00000000000000000,0.00000000000000000,0.00005444800000000,0.00007917720000000,0.00000000000000000,0.00008974350000000,0.00009584420000000,0.00000000000000000,0.00000000000000000,0.00007155340000000,0.00000000000000000,0.00000000000000000,0.00008458050000000
PWY-6284: superpathway of unsaturated fatty acids biosynthesis (E. coli),0.00005347460000000,0.00006193910000000,0.00001247110000000,0.00004539750000000,0.00002352830000000,0.00009609380000000,0.00006101520000000,0.00000967371000000,0.00001221030000000,0.00000000000000000,0.00000000000000000,0.00000626850000000,0.00002291930000000,0.00001922350000000,0.00001399540000000,0.00001288330000000,0.00009811670000000,0.00000000000000000,0.00000000000000000,0.00000000000000000,0.00000000000000000,0.00000000000000000,0.00005808700000000,0.00006663000000000,0.00000000000000000,0.00000000000000000,0.00004810750000000,0.00000000000000000
PWY-6285: superpathway of fatty acids biosynthesis (E. coli),0.00007292620000000,0.00008516230000000,0.00002365520000000,0.00006603850000000,0.00004335540000000,0.00008133720000000,0.00007337840000000,0.00001830570000000,0.00002265630000000,0.00000000000000000,0.00000000000000000,0.00001197940000000,0.00004079620000000,0.00003416830000000,0.00002662180000000,0.00002469370000000,0.00004460880000000,0.00000000000000000,0.00000000000000000,0.00000000000000000,0.00000000000000000,0.00000000000000000,0.00002393030000000,0.00002563030000000,0.00000000000000000,0.00000000000000000,0.00007255940000000,0.00000000000000000
PWY-6305: putrescine biosynthesis IV,0.00008817710000000,0.00000000000000000,0.00007739050000000,0.00000000000000000,0.00004306670000000,0.00006395400000000,0.00000000000000000,0.00007212240000000,0.00006407450000000,0.00006045130000000,0.00006063710000000,0.00004570350000000,0.00009763500000000,0.00000000000000000,0.00003116270000000,0.00002972760000000,0.00002715750000000,0.00001996410000000,0.00002532160000000,0.00001297330000000,0.00002355250000000,0.00003112620000000,0.00003421700000000,0.00003181800000000,0.00002668570000000,0.00003063200000000,0.00009084990000000,0.00008868730000000
"PWY-6309: L-tryptophan degradation XI (mammalian, via kynurenine)",0.00000118447000000,0.00000159069000000,0.00000301592000000,0.00000000000000000,0.00000088236200000,0.00000127961000000,0.00000349806000000,0.00000238082000000,0.00000189641000000,0.00000074972700000,0.00000125825000000,0.00000137256000000,0.00000277225000000,0.00000587353000000,0.00000229525000000,0.00000220962000000,0.00000127488000000,0.00000000000000000,0.00000000000000000,0.00000000000000000,0.00000000000000000,0.00000000000000000,0.00000075141900000,0.00000043864200000,0.00000000000000000,0.00000103704000000,0.00000000000000000,0.00000081694900000
PWY-6317: galactose degradation I (Leloir pathway),0.00000000000000000,0.00000000000000000,0.00000000000000000,0.00000000000000000,0.00000000000000000,0.00000000000000000,0.00000000000000000,0.00000000000000000,0.00000000000000000,0.00000000000000000,0.00000000000000000,0.00000000000000000,0.00000000000000000,0.00000000000000000,0.00000000000000000,0.00000000000000000,0.00000000000000000,0.00002737210000000,0.00003584570000000,0.00004615730000000,0.00005723760000000,0.00003845880000000,0.00000000000000000,0.00000000000000000,0.00003808440000000,0.00000000000000000,0.00000000000000000,0.00000000000000000
"PWY-6318: L-phenylalanine degradation IV (mammalian, via side chain)",0.00000209391000000,0.00000340665000000,0.00000000000000000,0.00002234980000000,0.00000000000000000,0.00000000000000000,0.00000000000000000,0.00000000000000000,0.00000000000000000,0.00000116805000000,0.00000035678100000,0.00000047575300000,0.00000000000000000,0.00000000000000000,0.00000000000000000,0.00000000000000000,0.00000000000000000,0.00000000000000000,0.00000000000000000,0.00000000000000000,0.00000000000000000,0.00000000000000000,0.00000000000000000,0.00000000000000000,0.00000079635500000,0.00000000000000000,0.00004005890000000,0.00000195600000000
PWY-6344: L-ornithine degradation II (Stickland reaction),0.00000000000000000,0.00000000000000000,0.00000000000000000,0.00000000000000000,0.00000000000000000,0.00000000000000000,0.00000000000000000,0.00000000000000000,0.00000000000000000,0.00000000000000000,0.00000000000000000,0.00000000000000000,0.00000000000000000,0.00000107813000000,0.00000000000000000,0.00000000000000000,0.00000000000000000,0.00000000000000000,0.00000000000000000,0.00000000000000000,0.00000000000000000,0.00000000000000000,0.00000000000000000,0.00000000000000000,0.00000000000000000,0.00000675145000000,0.00000000000000000,0.00000000000000000
PWY-6353: purine nucleotides degradation II (aerobic),0.00000000000000000,0.00000000000000000,0.00001329660000000,0.00009229180000000,0.00003071220000000,0.00005452720000000,0.00002133480000000,0.00004354140000000,0.00006294910000000,0.00004944980000000,0.00005577360000000,0.00005511340000000,0.00002956000000000,0.00002836170000000,0.00002693790000000,0.00002063480000000,0.00004491780000000,0.00003328590000000,0.00005284400000000,0.00004486580000000,0.00004702240000000,0.00005114250000000,0.00004051190000000,0.00002741720000000,0.00002819210000000,0.00005474130000000,0.00006876670000000,0.00006524860000000
"PWY-6383: mono-trans, poly-cis decaprenyl phosphate biosynthesis",0.00000412474000000,0.00000261390000000,0.00000000000000000,0.00000340686000000,0.00000000000000000,0.00000000000000000,0.00000000000000000,0.00000060992400000,0.00000087689700000,0.00000107684000000,0.00000122616000000,0.00000268448000000,0.00000000000000000,0.00000000000000000,0.00000000000000000,0.00000013529700000,0.00000000000000000,0.00000000000000000,0.00000025830800000,0.00000000000000000,0.00000000000000000,0.00000000000000000,0.00000000000000000,0.00000000000000000,0.00000000000000000,0.00000000000000000,0.00000135975000000,0.00000245229000000
PWY-6385: peptidoglycan biosynthesis III (mycobacteria),0.00000000000000000,0.00000000000000000,0.00000000000000000,0.00000000000000000,0.00000000000000000,0.00000000000000000,0.00000000000000000,0.00000000000000000,0.00000000000000000,0.00000000000000000,0.00000000000000000,0.00000000000000000,0.00000000000000000,0.00000000000000000,0.00000000000000000,0.00000000000000000,0.00000000000000000,0.00000000000000000,0.00000000000000000,0.00000000000000000,0.00000000000000000,0.00000000000000000,0.00000000000000000,0.00000000000000000,0.00000000000000000,0.00000000000000000,0.00000000000000000,0.00000000000000000
PWY-6386: UDP-N-acetylmuramoyl-pentapeptide biosynthesis II (lysine-containing),0.00000000000000000,0.00000000000000000,0.00000000000000000,0.00000000000000000,0.00000000000000000,0.00000000000000000,0.00000000000000000,0.00000000000000000,0.00000000000000000,0.00000000000000000,0.00000000000000000,0.00000000000000000,0.00000000000000000,0.00000000000000000,0.00000000000000000,0.00000000000000000,0.00000000000000000,0.00000000000000000,0.00000000000000000,0.00000000000000000,0.00000000000000000,0.00000000000000000,0.00000000000000000,0.00000000000000000,0.00000000000000000,0.00000000000000000,0.00000000000000000,0.00000000000000000
PWY-6387: UDP-N-acetylmuramoyl-pentapeptide biosynthesis I (meso-diaminopimelate containing),0.00000000000000000,0.00000000000000000,0.00000000000000000,0.00000000000000000,0.00000000000000000,0.00000000000000000,0.00000000000000000,0.00000000000000000,0.00000000000000000,0.00000000000000000,0.00000000000000000,0.00000000000000000,0.00000000000000000,0.00000000000000000,0.00000000000000000,0.00000000000000000,0.00000000000000000,0.00000000000000000,0.00000000000000000,0.00000000000000000,0.00000000000000000,0.00000000000000000,0.00000000000000000,0.00000000000000000,0.00000000000000000,0.00000000000000000,0.00000000000000000,0.00000000000000000
"PWY-6396: superpathway of 2,3-butanediol biosynthesis",0.00000179181000000,0.00000157103000000,0.00000000000000000,0.00000069392000000,0.00000000000000000,0.00000000000000000,0.00000000000000000,0.00000000000000000,0.00000000000000000,0.00000118652000000,0.00000119388000000,0.00000110349000000,0.00000000000000000,0.00000000000000000,0.00000000000000000,0.00000000000000000,0.00000000000000000,0.00000000000000000,0.00000000000000000,0.00000000000000000,0.00000000000000000,0.00000000000000000,0.00000000000000000,0.00000000000000000,0.00000000000000000,0.00000000000000000,0.00000101006000000,0.00000000000000000
PWY-6435: 4-hydroxybenzoate biosynthesis V,0.00000000000000000,0.00000070209400000,0.00003467410000000,0.00000000000000000,0.00001838370000000,0.00002412690000000,0.00002525930000000,0.00001984240000000,0.00003067410000000,0.00000219526000000,0.00000000000000000,0.00000091351800000,0.00002393830000000,0.00002542510000000,0.00003055580000000,0.00003481700000000,0.00000236462000000,0.00000000000000000,0.00000000000000000,0.00000000000000000,0.00000000000000000,0.00000000000000000,0.00000271895000000,0.00000503556000000,0.00000172027000000,0.00000923713000000,0.00000206149000000,0.00000000000000000
PWY-6467: Kdo transfer to lipid IVA III (Chlamydia),0.00000112097000000,0.00000979411000000,0.00000019391500000,0.00000000000000000,0.00000000000000000,0.00000018648900000,0.00000000000000000,0.00000000000000000,0.00000000000000000,0.00000000000000000,0.00000000000000000,0.00000000000000000,0.00000015626900000,0.00000000000000000,0.00000000000000000,0.00000000000000000,0.00000000000000000,0.00000000000000000,0.00000000000000000,0.00000000000000000,0.00000000000000000,0.00000000000000000,0.00000000000000000,0.00000000000000000,0.00000000000000000,0.00000000000000000,0.00000000000000000,0.00000828371000000
PWY-6470: peptidoglycan biosynthesis V (&beta;-lactam resistance),0.00001651660000000,0.00001998840000000,0.00000000000000000,0.00001131610000000,0.00000000000000000,0.00000000000000000,0.00000000000000000,0.00000000000000000,0.00000000000000000,0.00000251512000000,0.00000511970000000,0.00001047600000000,0.00000000000000000,0.00000000000000000,0.00000000000000000,0.00000000000000000,0.00000000000000000,0.00000000000000000,0.00000000000000000,0.00000000000000000,0.00000000000000000,0.00000000000000000,0.00000000000000000,0.00000000000000000,0.00000000000000000,0.00000000000000000,0.00000963729000000,0.00000548661000000
PWY-6471: peptidoglycan biosynthesis IV (Enterococcus faecium),0.00003539140000000,0.00004734020000000,0.00000000000000000,0.00002678600000000,0.00000000000000000,0.00000000000000000,0.00000000000000000,0.00000130164000000,0.00000364631000000,0.00003203160000000,0.00001338750000000,0.00001846000000000,0.00000000000000000,0.00000000000000000,0.00000000000000000,0.00000000000000000,0.00000313677000000,0.00000000000000000,0.00000000000000000,0.00000000000000000,0.00000000000000000,0.00000000000000000,0.00000000000000000,0.00000000000000000,0.00000000000000000,0.00000083434400000,0.00002142730000000,0.00001020380000000
PWY-6478: GDP-D-glycero-&alpha;-D-manno-heptose biosynthesis,0.00000091054100000,0.00000098810000000,0.00000000000000000,0.00000051690700000,0.00009995010000000,0.00000000000000000,0.00000054319500000,0.00000107532000000,0.00000249481000000,0.00000082064300000,0.00000372332000000,0.00000251008000000,0.00000492793000000,0.00000476835000000,0.00000000000000000,0.00000000000000000,0.00000670329000000,0.00007910270000000,0.00004141970000000,0.00009416560000000,0.00007700280000000,0.00007353650000000,0.00000827667000000,0.00000770971000000,0.00000000000000000,0.00001267480000000,0.00000151184000000,0.00000267164000000
PWY-6507: 4-deoxy-L-threo-hex-4-enopyranuronate degradation,0.00000000000000000,0.00000000000000000,0.00004026120000000,0.00000000000000000,0.00004678370000000,0.00002887300000000,0.00007679160000000,0.00009198440000000,0.00007752530000000,0.00007053400000000,0.00006472640000000,0.00006153280000000,0.00009830240000000,0.00008443220000000,0.00005873370000000,0.00005915540000000,0.00004684330000000,0.00001294290000000,0.00002152330000000,0.00001527260000000,0.00001788080000000,0.00001483400000000,0.00003122070000000,0.00002073740000000,0.00001359490000000,0.00002870110000000,0.00000000000000000,0.00005932050000000
PWY-6519: 8-amino-7-oxononanoate biosynthesis I,0.00006042560000000,0.00007801210000000,0.00000000000000000,0.00009270500000000,0.00000000000000000,0.00000000000000000,0.00000000000000000,0.00000000000000000,0.00009808060000000,0.00009731510000000,0.00000000000000000,0.00000000000000000,0.00000000000000000,0.00000000000000000,0.00000000000000000,0.00000000000000000,0.00000000000000000,0.00006278990000000,0.00008929340000000,0.00000000000000000,0.00000000000000000,0.00000000000000000,0.00000000000000000,0.00000000000000000,0.00008236880000000,0.00000000000000000,0.00008374800000000,0.00009474280000000
PWY-6527: stachyose degradation,0.00000000000000000,0.00000000000000000,0.00000000000000000,0.00000000000000000,0.00000000000000000,0.00000000000000000,0.00000000000000000,0.00000000000000000,0.00000000000000000,0.00000000000000000,0.00000000000000000,0.00000000000000000,0.00000000000000000,0.00000000000000000,0.00000000000000000,0.00000000000000000,0.00000000000000000,0.00001183330000000,0.00002498680000000,0.00001425490000000,0.00002645540000000,0.00001788220000000,0.00000000000000000,0.00009191080000000,0.00001447600000000,0.00000000000000000,0.00000000000000000,0.00000000000000000
PWY-6531: mannitol cycle,0.00000379663000000,0.00000446084000000,0.00000318044000000,0.00000103191000000,0.00000153081000000,0.00000177147000000,0.00000110343000000,0.00000000000000000,0.00000114367000000,0.00000259567000000,0.00000346168000000,0.00000264591000000,0.00000106221000000,0.00000968585000000,0.00000371646000000,0.00000347282000000,0.00000209368000000,0.00000034202000000,0.00000309062000000,0.00000250086000000,0.00000269520000000,0.00000125979000000,0.00000058928700000,0.00000058741600000,0.00000179535000000,0.00000077537300000,0.00000232655000000,0.00000350408000000
PWY-6545: pyrimidine deoxyribonucleotides de novo biosynthesis III,0.00005050330000000,0.00006358870000000,0.00000000000000000,0.00004232240000000,0.00008130050000000,0.00007399310000000,0.00007118760000000,0.00000000000000000,0.00000000000000000,0.00000000000000000,0.00000000000000000,0.00000000000000000,0.00009377680000000,0.00005271000000000,0.00000000000000000,0.00009790060000000,0.00000000000000000,0.00004944840000000,0.00005295790000000,0.00003660620000000,0.00004636920000000,0.00004948910000000,0.00000000000000000,0.00000000000000000,0.00004766890000000,0.00000000000000000,0.00000000000000000,0.00000000000000000
PWY-6549: L-glutamine biosynthesis III,0.00003761060000000,0.00003568100000000,0.00001294780000000,0.00000000000000000,0.00000851506000000,0.00001970500000000,0.00000964531000000,0.00001056900000000,0.00001046120000000,0.00004730220000000,0.00004805740000000,0.00004745350000000,0.00001429720000000,0.00001086940000000,0.00001264090000000,0.00001259130000000,0.00000977517000000,0.00000473677000000,0.00000088958600000,0.00000000000000000,0.00000037132600000,0.00000000000000000,0.00000730046000000,0.00000565078000000,0.00000248544000000,0.00000787643000000,0.00002226460000000,0.00004699170000000
PWY-6562: norspermidine biosynthesis,0.00000450963000000,0.00000657419000000,0.00000175269000000,0.00000358452000000,0.00000223142000000,0.00001012280000000,0.00000334617000000,0.00000240239000000,0.00000000000000000,0.00000774568000000,0.00000702713000000,0.00000470958000000,0.00000279023000000,0.00001034110000000,0.00000406291000000,0.00000251070000000,0.00000038207900000,0.00000000000000000,0.00000000000000000,0.00000000000000000,0.00000000000000000,0.00000000000000000,0.00000000000000000,0.00000069264300000,0.00000000000000000,0.00000000000000000,0.00000766546000000,0.00000673618000000
PWY-6565: superpathway of polyamine biosynthesis III,0.00000000000000000,0.00000000000000000,0.00000177873000000,0.00000000000000000,0.00000229366000000,0.00000000000000000,0.00000343778000000,0.00000246112000000,0.00000000000000000,0.00000257987000000,0.00000231551000000,0.00000223269000000,0.00000283147000000,0.00000516921000000,0.00000244832000000,0.00000258731000000,0.00000038726100000,0.00000000000000000,0.00000000000000000,0.00000000000000000,0.00000000000000000,0.00000000000000000,0.00000000000000000,0.00000069684600000,0.00000000000000000,0.00000000000000000,0.00000000000000000,0.00000238001000000
PWY-6572: chondroitin sulfate degradation I (bacterial),0.00000000000000000,0.00000000000000000,0.00000185053000000,0.00000000000000000,0.00001526580000000,0.00000297185000000,0.00000100572000000,0.00000225817000000,0.00000456776000000,0.00000000000000000,0.00000000000000000,0.00000000000000000,0.00000141010000000,0.00000113310000000,0.00000784112000000,0.00000896999000000,0.00000000000000000,0.00000000000000000,0.00000000000000000,0.00000000000000000,0.00000000000000000,0.00000000000000000,0.00000000000000000,0.00000000000000000,0.00000000000000000,0.00000000000000000,0.00000000000000000,0.00000000000000000
PWY-6588: pyruvate fermentation to acetone,0.00005924540000000,0.00005224450000000,0.00003822160000000,0.00002324650000000,0.00001764460000000,0.00002770670000000,0.00002996420000000,0.00003213310000000,0.00005318770000000,0.00004403580000000,0.00002922980000000,0.00003957670000000,0.00002343100000000,0.00001201090000000,0.00001445740000000,0.00001627210000000,0.00001445860000000,0.00000671000000000,0.00001323370000000,0.00000982504000000,0.00001434190000000,0.00001236440000000,0.00002112960000000,0.00001096610000000,0.00000667815000000,0.00001867310000000,0.00005458090000000,0.00002983160000000
PWY-6590: superpathway of Clostridium acetobutylicum acidogenic fermentation,0.00006403100000000,0.00005973430000000,0.00005470800000000,0.00002883410000000,0.00005734190000000,0.00004814600000000,0.00008003080000000,0.00007017140000000,0.00008465980000000,0.00003754630000000,0.00002809510000000,0.00003608840000000,0.00009097000000000,0.00007968380000000,0.00003586580000000,0.00003898700000000,0.00006042760000000,0.00001290210000000,0.00002431170000000,0.00001718960000000,0.00002358370000000,0.00002153800000000,0.00002643720000000,0.00002029180000000,0.00001233580000000,0.00002409970000000,0.00003184050000000,0.00002641020000000
PWY-6595: superpathway of guanosine nucleotides degradation (plants),0.00007211330000000,0.00006836860000000,0.00000306790000000,0.00005674030000000,0.00000000000000000,0.00000564669000000,0.00001150890000000,0.00001166050000000,0.00001101210000000,0.00000162751000000,0.00000307734000000,0.00000268011000000,0.00001279390000000,0.00002174510000000,0.00000542588000000,0.00000251877000000,0.00001283880000000,0.00002936730000000,0.00004721700000000,0.00003229850000000,0.00003113220000000,0.00003485310000000,0.00001304700000000,0.00000712214000000,0.00002601740000000,0.00002385030000000,0.00004408240000000,0.00000258160000000
PWY-6596: adenosine nucleotides degradation I,0.00000000000000000,0.00000000000000000,0.00000519194000000,0.00000000000000000,0.00000000000000000,0.00001336810000000,0.00000000000000000,0.00000000000000000,0.00000000000000000,0.00000000000000000,0.00000000000000000,0.00000000000000000,0.00000000000000000,0.00000000000000000,0.00000957454000000,0.00000558769000000,0.00000000000000000,0.00000000000000000,0.00000000000000000,0.00000000000000000,0.00000000000000000,0.00000000000000000,0.00000000000000000,0.00000000000000000,0.00000000000000000,0.00000000000000000,0.00000000000000000,0.00000000000000000
PWY-6606: guanosine nucleotides degradation II,0.00007050580000000,0.00007192720000000,0.00000540484000000,0.00005404560000000,0.00001551540000000,0.00002788830000000,0.00001233990000000,0.00002129630000000,0.00003117570000000,0.00002545670000000,0.00002879590000000,0.00002846010000000,0.00001440260000000,0.00002434400000000,0.00001157660000000,0.00000889634000000,0.00002362760000000,0.00002744050000000,0.00004231640000000,0.00003136580000000,0.00002955380000000,0.00003336480000000,0.00002203290000000,0.00001497660000000,0.00002414050000000,0.00002921910000000,0.00004659150000000,0.00003123920000000
PWY-6608: guanosine nucleotides degradation III,0.00008620660000000,0.00000000000000000,0.00003089570000000,0.00006489730000000,0.00002990520000000,0.00004781420000000,0.00001939840000000,0.00003731440000000,0.00005509720000000,0.00004761080000000,0.00005319410000000,0.00005322070000000,0.00002412610000000,0.00006193940000000,0.00003793010000000,0.00003597380000000,0.00003970110000000,0.00003250530000000,0.00004725640000000,0.00003921170000000,0.00003577790000000,0.00004079490000000,0.00006482470000000,0.00007509660000000,0.00002836180000000,0.00005532810000000,0.00006629840000000,0.00005910630000000
PWY-6609: adenine and adenosine salvage III,0.00000000000000000,0.00000000000000000,0.00000000000000000,0.00000000000000000,0.00000000000000000,0.00000000000000000,0.00000000000000000,0.00000000000000000,0.00000000000000000,0.00000000000000000,0.00000000000000000,0.00000000000000000,0.00000000000000000,0.00000000000000000,0.00000000000000000,0.00000000000000000,0.00000000000000000,0.00000000000000000,0.00000000000000000,0.00000000000000000,0.00000000000000000,0.00000000000000000,0.00000000000000000,0.00000000000000000,0.00000000000000000,0.00000000000000000,0.00000000000000000,0.00000000000000000
PWY-6612: superpathway of tetrahydrofolate biosynthesis,0.00005242580000000,0.00007115530000000,0.00000268679000000,0.00004617970000000,0.00000400432000000,0.00000442167000000,0.00000242816000000,0.00000000000000000,0.00000000000000000,0.00003161500000000,0.00002309370000000,0.00002838500000000,0.00000392777000000,0.00000000000000000,0.00000094605000000,0.00000000000000000,0.00000291161000000,0.00000000000000000,0.00000196358000000,0.00000000000000000,0.00000000000000000,0.00000099238800000,0.00000106672000000,0.00000112035000000,0.00000000000000000,0.00000063617300000,0.00004216220000000,0.00003779820000000
PWY-6628: superpathway of L-phenylalanine biosynthesis,0.00000000000000000,0.00000000000000000,0.00007930640000000,0.00000000000000000,0.00008685990000000,0.00008485770000000,0.00000000000000000,0.00000000000000000,0.00000000000000000,0.00000000000000000,0.00000000000000000,0.00000000000000000,0.00000000000000000,0.00000000000000000,0.00008670230000000,0.00008882000000000,0.00005269770000000,0.00001108510000000,0.00001900910000000,0.00001324990000000,0.00001864890000000,0.00001891760000000,0.00005292370000000,0.00004720180000000,0.00001653350000000,0.00006144260000000,0.00000000000000000,0.00000000000000000
PWY-6629: superpathway of L-tryptophan biosynthesis,0.00009419390000000,0.00000000000000000,0.00003199620000000,0.00000000000000000,0.00002079820000000,0.00002759030000000,0.00006489250000000,0.00002461520000000,0.00003924070000000,0.00006095980000000,0.00007885170000000,0.00005597950000000,0.00003042280000000,0.00005757630000000,0.00002460200000000,0.00000681723000000,0.00002122680000000,0.00000393131000000,0.00000818923000000,0.00000413705000000,0.00000710167000000,0.00000167627000000,0.00001330590000000,0.00000974632000000,0.00000571271000000,0.00001562470000000,0.00006821630000000,0.00000000000000000
PWY-6630: superpathway of L-tyrosine biosynthesis,0.00000000000000000,0.00000000000000000,0.00005591720000000,0.00000000000000000,0.00003933980000000,0.00004183200000000,0.00005347460000000,0.00004050760000000,0.00004657580000000,0.00009016240000000,0.00008173100000000,0.00008324900000000,0.00004666250000000,0.00004683700000000,0.00005571080000000,0.00005079320000000,0.00002548550000000,0.00000588490000000,0.00000782342000000,0.00000696435000000,0.00000982429000000,0.00000660702000000,0.00001618190000000,0.00001338490000000,0.00000813626000000,0.00001851140000000,0.00000000000000000,0.00000000000000000
PWY-6690: cinnamate and 3-hydroxycinnamate degradation to 2-oxopent-4-enoate,0.00000949503000000,0.00001505720000000,0.00000000000000000,0.00002348450000000,0.00000057966300000,0.00000069602700000,0.00000000000000000,0.00000000000000000,0.00000000000000000,0.00000521359000000,0.00000529847000000,0.00000603678000000,0.00000000000000000,0.00000000000000000,0.00000029984700000,0.00000000000000000,0.00000000000000000,0.00000000000000000,0.00000000000000000,0.00000000000000000,0.00000000000000000,0.00000000000000000,0.00000000000000000,0.00000000000000000,0.00000000000000000,0.00000000000000000,0.00002279790000000,0.00000834377000000
PWY-6700: queuosine biosynthesis,0.00007144060000000,0.00008239930000000,0.00000000000000000,0.00000000000000000,0.00000000000000000,0.00000000000000000,0.00000000000000000,0.00000000000000000,0.00000000000000000,0.00000000000000000,0.00000000000000000,0.00000000000000000,0.00000000000000000,0.00000000000000000,0.00000000000000000,0.00000000000000000,0.00000000000000000,0.00000000000000000,0.00000000000000000,0.00000000000000000,0.00000000000000000,0.00000000000000000,0.00000000000000000,0.00000000000000000,0.00000000000000000,0.00000000000000000,0.00000000000000000,0.00000000000000000
PWY-6703: preQ0 biosynthesis,0.00004232980000000,0.00005510150000000,0.00000000000000000,0.00000000000000000,0.00000000000000000,0.00000000000000000,0.00000000000000000,0.00000000000000000,0.00000000000000000,0.00000000000000000,0.00000000000000000,0.00000000000000000,0.00000000000000000,0.00000000000000000,0.00000000000000000,0.00000000000000000,0.00000000000000000,0.00000000000000000,0.00000000000000000,0.00000000000000000,0.00000000000000000,0.00000000000000000,0.00000000000000000,0.00000000000000000,0.00000000000000000,0.00000000000000000,0.00006292300000000,0.00000000000000000
PWY-6708: ubiquinol-8 biosynthesis (prokaryotic),0.00003082740000000,0.00004422840000000,0.00000000000000000,0.00005369560000000,0.00000104402000000,0.00000316295000000,0.00000000000000000,0.00000000000000000,0.00000000000000000,0.00001043150000000,0.00000929423000000,0.00000939396000000,0.00000000000000000,0.00000000000000000,0.00000000000000000,0.00000034349700000,0.00000000000000000,0.00000000000000000,0.00000000000000000,0.00000000000000000,0.00000000000000000,0.00000000000000000,0.00000000000000000,0.00000000000000000,0.00000000000000000,0.00000000000000000,0.00005684890000000,0.00001998250000000
PWY-6731: starch degradation III,0.00001743810000000,0.00002226330000000,0.00000111048000000,0.00001345070000000,0.00000673825000000,0.00000656618000000,0.00001115560000000,0.00000665214000000,0.00001023870000000,0.00001127530000000,0.00001050890000000,0.00000487562000000,0.00000978510000000,0.00000593137000000,0.00000033382300000,0.00000075655600000,0.00000000000000000,0.00000000000000000,0.00000270051000000,0.00000000000000000,0.00000000000000000,0.00000179547000000,0.00000000000000000,0.00000000000000000,0.00000000000000000,0.00000000000000000,0.00001879050000000,0.00001151710000000
PWY-6737: starch degradation V,0.00000000000000000,0.00000000000000000,0.00000000000000000,0.00000000000000000,0.00000000000000000,0.00000000000000000,0.00000000000000000,0.00000000000000000,0.00000000000000000,0.00000000000000000,0.00000000000000000,0.00000000000000000,0.00000000000000000,0.00000000000000000,0.00000000000000000,0.00000000000000000,0.00000000000000000,0.00000000000000000,0.00000000000000000,0.00000000000000000,0.00000000000000000,0.00000000000000000,0.00000000000000000,0.00000000000000000,0.00000000000000000,0.00000000000000000,0.00000000000000000,0.00000000000000000
PWY-6749: CMP-legionaminate biosynthesis I,0.00001787320000000,0.00001573530000000,0.00002343860000000,0.00000741353000000,0.00002815520000000,0.00002500350000000,0.00000117335000000,0.00001679570000000,0.00001275270000000,0.00000293463000000,0.00000725551000000,0.00000589846000000,0.00001514870000000,0.00001087280000000,0.00002168790000000,0.00002203400000000,0.00000000000000000,0.00000241166000000,0.00000272781000000,0.00000238260000000,0.00000269877000000,0.00000308989000000,0.00000102291000000,0.00000074363700000,0.00000178014000000,0.00000452670000000,0.00003728310000000,0.00000654678000000
PWY-6803: phosphatidylcholine acyl editing,0.00002229310000000,0.00003332620000000,0.00000252699000000,0.00009544400000000,0.00000691032000000,0.00000402500000000,0.00000000000000000,0.00000120016000000,0.00000213547000000,0.00003662870000000,0.00002519310000000,0.00003357340000000,0.00000418900000000,0.00000717113000000,0.00000253850000000,0.00000368549000000,0.00000058553200000,0.00000000000000000,0.00000000000000000,0.00000000000000000,0.00000043457400000,0.00000047620600000,0.00000493259000000,0.00000477529000000,0.00000000000000000,0.00000259441000000,0.00004629930000000,0.00004537410000000
PWY-6823: molybdenum cofactor biosynthesis,0.00001893580000000,0.00003168930000000,0.00000055350000000,0.00002513770000000,0.00000083557900000,0.00000155054000000,0.00000000000000000,0.00000000000000000,0.00000000000000000,0.00001029770000000,0.00000444483000000,0.00000732417000000,0.00000000000000000,0.00000000000000000,0.00000074367200000,0.00000000000000000,0.00000000000000000,0.00000000000000000,0.00000000000000000,0.00000000000000000,0.00000000000000000,0.00000024323100000,0.00000000000000000,0.00000000000000000,0.00000044814800000,0.00000000000000000,0.00002373170000000,0.00001525200000000
"PWY-6837: fatty acid beta-oxidation V (unsaturated, odd number, di-isomerase-dependent)",0.00002894200000000,0.00003497550000000,0.00000063565700000,0.00004598570000000,0.00000036802000000,0.00000082210000000,0.00000030846800000,0.00000000000000000,0.00000078121700000,0.00000501048000000,0.00000400765000000,0.00000408725000000,0.00000000000000000,0.00000000000000000,0.00000012577500000,0.00000049049100000,0.00000000000000000,0.00000000000000000,0.00000024467100000,0.00000000000000000,0.00000000000000000,0.00000000000000000,0.00000000000000000,0.00000000000000000,0.00000014584100000,0.00000000000000000,0.00004770580000000,0.00001119400000000
PWY-6859: all-trans-farnesol biosynthesis,0.00004184430000000,0.00005579280000000,0.00000239693000000,0.00004046150000000,0.00000421724000000,0.00000542285000000,0.00001167940000000,0.00000759164000000,0.00000688264000000,0.00001613800000000,0.00001063370000000,0.00001107710000000,0.00000794176000000,0.00001041620000000,0.00000554740000000,0.00000581589000000,0.00000612188000000,0.00000000000000000,0.00000121280000000,0.00000000000000000,0.00000000000000000,0.00000000000000000,0.00000549318000000,0.00000458897000000,0.00000000000000000,0.00000570476000000,0.00004997240000000,0.00001682730000000
PWY-6863: pyruvate fermentation to hexanol,0.00000000000000000,0.00000000000000000,0.00000308017000000,0.00000000000000000,0.00000000000000000,0.00000844260000000,0.00001352120000000,0.00002148730000000,0.00002256690000000,0.00001189660000000,0.00001309270000000,0.00001110920000000,0.00001958840000000,0.00000845320000000,0.00000175561000000,0.00000160942000000,0.00000121677000000,0.00000000000000000,0.00000000000000000,0.00000000000000000,0.00000000000000000,0.00000000000000000,0.00000505168000000,0.00000683347000000,0.00000132326000000,0.00000596656000000,0.00000000000000000,0.00001132880000000
PWY-6876: isopropanol biosynthesis,0.00000000000000000,0.00000000000000000,0.00000128893000000,0.00000000000000000,0.00000000000000000,0.00000087603100000,0.00000132286000000,0.00001362110000000,0.00000165006000000,0.00000103799000000,0.00000000000000000,0.00000000000000000,0.00000611418000000,0.00000178844000000,0.00000000000000000,0.00000073954900000,0.00000085422600000,0.00000585936000000,0.00001084240000000,0.00000714504000000,0.00000716992000000,0.00000947418000000,0.00000308830000000,0.00000163180000000,0.00000547019000000,0.00000230117000000,0.00000000000000000,0.00000085066300000
PWY-6883: pyruvate fermentation to butanol II,0.00000440394000000,0.00000319945000000,0.00000284633000000,0.00000245647000000,0.00000271653000000,0.00000677670000000,0.00000474733000000,0.00001061800000000,0.00001075550000000,0.00001296590000000,0.00001386930000000,0.00001258190000000,0.00000676966000000,0.00000656494000000,0.00000189651000000,0.00000240942000000,0.00000447782000000,0.00000000000000000,0.00000120385000000,0.00000096802000000,0.00000071046900000,0.00000156063000000,0.00000469609000000,0.00000316023000000,0.00000148171000000,0.00000343277000000,0.00000545006000000,0.00001204220000000
PWY-6891: thiazole biosynthesis II (Bacillus),0.00002771520000000,0.00004349140000000,0.00000197696000000,0.00009426750000000,0.00001046200000000,0.00000175784000000,0.00000000000000000,0.00000484855000000,0.00000315535000000,0.00003674790000000,0.00002147770000000,0.00001128960000000,0.00000000000000000,0.00000000000000000,0.00000077584500000,0.00000088932300000,0.00000027670600000,0.00000000000000000,0.00000000000000000,0.00000049862000000,0.00000031269400000,0.00000000000000000,0.00000000000000000,0.00000000000000000,0.00000000000000000,0.00000034926700000,0.00006031140000000,0.00003654410000000
PWY-6892: thiazole biosynthesis I (E. coli),0.00006745410000000,0.00008023170000000,0.00001154400000000,0.00000000000000000,0.00001295830000000,0.00002356950000000,0.00001444270000000,0.00001627370000000,0.00001163320000000,0.00004505180000000,0.00002653390000000,0.00003105900000000,0.00001399480000000,0.00001219030000000,0.00001106860000000,0.00001195790000000,0.00000064555300000,0.00000000000000000,0.00000172966000000,0.00000062308500000,0.00000039079300000,0.00000000000000000,0.00000124901000000,0.00000150052000000,0.00000000000000000,0.00000155237000000,0.00008672960000000,0.00005371380000000
PWY-6895: superpathway of thiamin diphosphate biosynthesis II,0.00004724270000000,0.00006351270000000,0.00000942532000000,0.00000000000000000,0.00004052730000000,0.00000848312000000,0.00000000000000000,0.00002156980000000,0.00001467460000000,0.00000000000000000,0.00008540010000000,0.00004969020000000,0.00000000000000000,0.00000000000000000,0.00000380298000000,0.00000434440000000,0.00000137451000000,0.00000000000000000,0.00000000000000000,0.00000241066000000,0.00000152984000000,0.00000000000000000,0.00000000000000000,0.00000000000000000,0.00000000000000000,0.00000173258000000,0.00008368630000000,0.00000000000000000
PWY-6897: thiamin salvage II,0.00007239340000000,0.00008289640000000,0.00008446970000000,0.00000000000000000,0.00007688970000000,0.00000000000000000,0.00007960510000000,0.00000000000000000,0.00000000000000000,0.00000000000000000,0.00000000000000000,0.00000000000000000,0.00008665280000000,0.00008245970000000,0.00007660820000000,0.00007225650000000,0.00009534650000000,0.00000664179000000,0.00002990620000000,0.00002332180000000,0.00002301870000000,0.00003001350000000,0.00000000000000000,0.00000000000000000,0.00002080270000000,0.00009744590000000,0.00008283760000000,0.00000000000000000
PWY-6901: superpathway of glucose and xylose degradation,0.00000000000000000,0.00000000000000000,0.00008109160000000,0.00000000000000000,0.00000000000000000,0.00009861070000000,0.00000000000000000,0.00000000000000000,0.00000000000000000,0.00000000000000000,0.00000000000000000,0.00000000000000000,0.00000000000000000,0.00000000000000000,0.00009203500000000,0.00009758880000000,0.00004885030000000,0.00009623750000000,0.00000000000000000,0.00000000000000000,0.00000000000000000,0.00000000000000000,0.00004617630000000,0.00005518210000000,0.00008911630000000,0.00009537170000000,0.00000000000000000,0.00000000000000000
PWY-6936: seleno-amino acid biosynthesis,0.00000000000000000,0.00000000000000000,0.00006208590000000,0.00000000000000000,0.00007438990000000,0.00007344470000000,0.00008893780000000,0.00007998550000000,0.00008540650000000,0.00007439630000000,0.00005413220000000,0.00006265450000000,0.00000000000000000,0.00009196430000000,0.00007121890000000,0.00007529630000000,0.00007390730000000,0.00000000000000000,0.00000000000000000,0.00009729180000000,0.00000000000000000,0.00009927890000000,0.00005483930000000,0.00004070520000000,0.00009412130000000,0.00000000000000000,0.00000000000000000,0.00007504420000000
"PWY-6953: dTDP-3-acetamido-3,6-dideoxy-&alpha;-D-galactose biosynthesis",0.00000458080000000,0.00000366258000000,0.00000403700000000,0.00000251930000000,0.00000860724000000,0.00000207371000000,0.00000300678000000,0.00000403081000000,0.00000361569000000,0.00000262755000000,0.00000374278000000,0.00000449767000000,0.00000544666000000,0.00001900550000000,0.00000332592000000,0.00000338023000000,0.00000157314000000,0.00000000000000000,0.00000000000000000,0.00000000000000000,0.00000000000000000,0.00000033463900000,0.00000117649000000,0.00000166344000000,0.00000000000000000,0.00000385832000000,0.00000468047000000,0.00000313207000000
PWY-6969: TCA cycle V (2-oxoglutarate:ferredoxin oxidoreductase),0.00009471020000000,0.00000000000000000,0.00008234800000000,0.00000000000000000,0.00000000000000000,0.00009343760000000,0.00000490905000000,0.00007014350000000,0.00005858010000000,0.00008176120000000,0.00008723640000000,0.00008610780000000,0.00006390710000000,0.00006677440000000,0.00009165600000000,0.00009857830000000,0.00003938230000000,0.00001224550000000,0.00001955800000000,0.00001104530000000,0.00001224360000000,0.00001086210000000,0.00003047020000000,0.00003336850000000,0.00001310160000000,0.00003973320000000,0.00000000000000000,0.00008493650000000
"PWY-6992: 1,5-anhydrofructose degradation",0.00000000000000000,0.00000000000000000,0.00000000000000000,0.00000000000000000,0.00000000000000000,0.00000000000000000,0.00000000000000000,0.00000000000000000,0.00000000000000000,0.00000000000000000,0.00000000000000000,0.00000000000000000,0.00000000000000000,0.00000000000000000,0.00000000000000000,0.00000000000000000,0.00000000000000000,0.00000000000000000,0.00000000000000000,0.00000000000000000,0.00000000000000000,0.00000000000000000,0.00000000000000000,0.00000000000000000,0.00000000000000000,0.00000000000000000,0.00000000000000000,0.00000000000000000
PWY-7003: glycerol degradation to butanol,0.00000000000000000,0.00000000000000000,0.00003321380000000,0.00005071130000000,0.00002415670000000,0.00003588810000000,0.00003234390000000,0.00002517560000000,0.00003106600000000,0.00007700210000000,0.00005898370000000,0.00006746180000000,0.00001604510000000,0.00002268270000000,0.00001933000000000,0.00001857490000000,0.00002869280000000,0.00001561340000000,0.00002868550000000,0.00002242290000000,0.00002828420000000,0.00002412750000000,0.00003290150000000,0.00002037930000000,0.00001571490000000,0.00003760660000000,0.00000000000000000,0.00006289560000000
PWY-7007: methyl ketone biosynthesis,0.00002630230000000,0.00001820990000000,0.00003882660000000,0.00000000000000000,0.00003013140000000,0.00003278200000000,0.00004689190000000,0.00004908610000000,0.00008161420000000,0.00000000000000000,0.00000000000000000,0.00009470780000000,0.00004780740000000,0.00006253370000000,0.00003388970000000,0.00003636250000000,0.00003408840000000,0.00004294680000000,0.00004687200000000,0.00003904710000000,0.00004464990000000,0.00004179710000000,0.00001688670000000,0.00001087430000000,0.00003991080000000,0.00002021420000000,0.00000984743000000,0.00000000000000000
"PWY-7013: L-1,2-propanediol degradation",0.00003785710000000,0.00000000000000000,0.00003779050000000,0.00000000000000000,0.00000438021000000,0.00001931500000000,0.00001409540000000,0.00000910760000000,0.00003521440000000,0.00009896110000000,0.00008470790000000,0.00007496030000000,0.00001227580000000,0.00000444415000000,0.00002037140000000,0.00002938000000000,0.00001408600000000,0.00002440470000000,0.00004244970000000,0.00002320060000000,0.00003939610000000,0.00004314330000000,0.00001357180000000,0.00000747955000000,0.00003037780000000,0.00001540570000000,0.00000000000000000,0.00006288620000000
"PWY-7090: UDP-2,3-diacetamido-2,3-dideoxy-&alpha;-D-mannuronate biosynthesis",0.00000000000000000,0.00000038269500000,0.00000000000000000,0.00000000000000000,0.00000092184200000,0.00000079000500000,0.00000078878300000,0.00000057964100000,0.00000102963000000,0.00000000000000000,0.00000000000000000,0.00000000000000000,0.00000105539000000,0.00000077096900000,0.00000029285700000,0.00000042124200000,0.00000130724000000,0.00000017167900000,0.00000032358000000,0.00000000000000000,0.00000000000000000,0.00000000000000000,0.00000119778000000,0.00000191754000000,0.00000039453400000,0.00000309878000000,0.00000128920000000,0.00000000000000000
PWY-7111: pyruvate fermentation to isobutanol (engineered),0.00000000000000000,0.00000000000000000,0.00000000000000000,0.00000000000000000,0.00000000000000000,0.00000000000000000,0.00000000000000000,0.00000000000000000,0.00000000000000000,0.00000000000000000,0.00000000000000000,0.00000000000000000,0.00000000000000000,0.00000000000000000,0.00000000000000000,0.00000000000000000,0.00000000000000000,0.00000000000000000,0.00000000000000000,0.00000000000000000,0.00000000000000000,0.00000000000000000,0.00000000000000000,0.00000000000000000,0.00000000000000000,0.00000000000000000,0.00000000000000000,0.00000000000000000
"PWY-7115: C4 photosynthetic carbon assimilation cycle, NAD-ME type",0.00006749330000000,0.00007980660000000,0.00001675000000000,0.00000000000000000,0.00001236450000000,0.00001125420000000,0.00002132250000000,0.00001963320000000,0.00001689260000000,0.00004455870000000,0.00005057160000000,0.00004545470000000,0.00001316580000000,0.00001528980000000,0.00001264070000000,0.00001263230000000,0.00001093300000000,0.00000219746000000,0.00000344049000000,0.00000445599000000,0.00000509896000000,0.00000450603000000,0.00000920417000000,0.00001203240000000,0.00000351841000000,0.00001905060000000,0.00000000000000000,0.00006335020000000
"PWY-7117: C4 photosynthetic carbon assimilation cycle, PEPCK type",0.00007458120000000,0.00007888240000000,0.00000339216000000,0.00000000000000000,0.00000226331000000,0.00000300249000000,0.00000000000000000,0.00000000000000000,0.00000044123900000,0.00000000000000000,0.00000000000000000,0.00000000000000000,0.00000000000000000,0.00000000000000000,0.00000035280300000,0.00000612062000000,0.00000000000000000,0.00000281318000000,0.00000045330600000,0.00000000000000000,0.00000018761900000,0.00000000000000000,0.00000000000000000,0.00000321688000000,0.00000135528000000,0.00000240996000000,0.00000000000000000,0.00000000000000000
PWY-7118: chitin degradation to ethanol,0.00000375692000000,0.00000445224000000,0.00000000000000000,0.00002722810000000,0.00000000000000000,0.00000000000000000,0.00000000000000000,0.00000000000000000,0.00000000000000000,0.00000092142200000,0.00000300695000000,0.00000177554000000,0.00000000000000000,0.00000000000000000,0.00000000000000000,0.00000000000000000,0.00000000000000000,0.00000000000000000,0.00000000000000000,0.00000000000000000,0.00000000000000000,0.00000000000000000,0.00000000000000000,0.00000000000000000,0.00000036509200000,0.00000000000000000,0.00003864330000000,0.00000200406000000
PWY-7184: pyrimidine deoxyribonucleotides de novo biosynthesis I,0.00005805160000000,0.00007042520000000,0.00000000000000000,0.00005495580000000,0.00000000000000000,0.00000000000000000,0.00000000000000000,0.00000000000000000,0.00000000000000000,0.00000000000000000,0.00000000000000000,0.00000000000000000,0.00000000000000000,0.00000000000000000,0.00000000000000000,0.00000000000000000,0.00000000000000000,0.00000000000000000,0.00000000000000000,0.00000000000000000,0.00000000000000000,0.00000000000000000,0.00000000000000000,0.00000000000000000,0.00000000000000000,0.00000000000000000,0.00000000000000000,0.00000000000000000
PWY-7187: pyrimidine deoxyribonucleotides de novo biosynthesis II,0.00000000000000000,0.00000000000000000,0.00000000000000000,0.00000000000000000,0.00000000000000000,0.00000000000000000,0.00000000000000000,0.00000000000000000,0.00000000000000000,0.00000000000000000,0.00000000000000000,0.00000000000000000,0.00000000000000000,0.00000000000000000,0.00000000000000000,0.00000000000000000,0.00000000000000000,0.00000000000000000,0.00000000000000000,0.00000000000000000,0.00000000000000000,0.00000000000000000,0.00000000000000000,0.00000000000000000,0.00000000000000000,0.00000000000000000,0.00000000000000000,0.00000000000000000
PWY-7196: superpathway of pyrimidine ribonucleosides salvage,0.00006460610000000,0.00007309070000000,0.00000000000000000,0.00004893700000000,0.00000000000000000,0.00000000000000000,0.00000000000000000,0.00000000000000000,0.00000000000000000,0.00000000000000000,0.00000000000000000,0.00000000000000000,0.00000000000000000,0.00000000000000000,0.00000000000000000,0.00000000000000000,0.00009183990000000,0.00002503650000000,0.00003104440000000,0.00001678400000000,0.00002793400000000,0.00002954890000000,0.00005225270000000,0.00004947440000000,0.00002205680000000,0.00008189670000000,0.00007773140000000,0.00000000000000000
PWY-7197: pyrimidine deoxyribonucleotide phosphorylation,0.00003755330000000,0.00004602140000000,0.00000000000000000,0.00003419550000000,0.00000000000000000,0.00000000000000000,0.00000000000000000,0.00000000000000000,0.00000000000000000,0.00000000000000000,0.00000000000000000,0.00000000000000000,0.00000000000000000,0.00009068000000000,0.00000000000000000,0.00000000000000000,0.00000000000000000,0.00000000000000000,0.00000000000000000,0.00000000000000000,0.00000000000000000,0.00000000000000000,0.00000000000000000,0.00000000000000000,0.00000000000000000,0.00000000000000000,0.00008648380000000,0.00000000000000000
PWY-7198: pyrimidine deoxyribonucleotides de novo biosynthesis IV,0.00000712029000000,0.00001050710000000,0.00001866240000000,0.00000251159000000,0.00001326430000000,0.00001121110000000,0.00001310240000000,0.00003283600000000,0.00001841720000000,0.00000468001000000,0.00000740021000000,0.00000504096000000,0.00005544460000000,0.00001359830000000,0.00000996931000000,0.00001240410000000,0.00000745703000000,0.00000056758800000,0.00000128822000000,0.00000059581100000,0.00000000000000000,0.00000051947000000,0.00000030891700000,0.00000134755000000,0.00000094886700000,0.00000154841000000,0.00000240897000000,0.00000392429000000
PWY-7199: pyrimidine deoxyribonucleosides salvage,0.00000000000000000,0.00000000000000000,0.00000000000000000,0.00000000000000000,0.00000000000000000,0.00000000000000000,0.00000000000000000,0.00000000000000000,0.00000000000000000,0.00000000000000000,0.00000000000000000,0.00000000000000000,0.00000000000000000,0.00000000000000000,0.00000000000000000,0.00000000000000000,0.00006033650000000,0.00003598000000000,0.00006279850000000,0.00004566080000000,0.00005659930000000,0.00004055340000000,0.00006314930000000,0.00004708230000000,0.00003831570000000,0.00007441560000000,0.00000000000000000,0.00000000000000000
PWY-7200: superpathway of pyrimidine deoxyribonucleoside salvage,0.00000000000000000,0.00000000000000000,0.00000000000000000,0.00000000000000000,0.00000000000000000,0.00000000000000000,0.00000000000000000,0.00000000000000000,0.00002954090000000,0.00000000000000000,0.00000000000000000,0.00000000000000000,0.00000000000000000,0.00000000000000000,0.00000000000000000,0.00000000000000000,0.00000000000000000,0.00000000000000000,0.00000000000000000,0.00000000000000000,0.00000000000000000,0.00000000000000000,0.00000000000000000,0.00000000000000000,0.00000000000000000,0.00000000000000000,0.00000000000000000,0.00000000000000000
PWY-7204: pyridoxal 5'-phosphate salvage II (plants),0.00006072000000000,0.00007381200000000,0.00000381662000000,0.00000000000000000,0.00000749672000000,0.00000567995000000,0.00000134924000000,0.00000000000000000,0.00000000000000000,0.00003088770000000,0.00002776670000000,0.00002963220000000,0.00000060637900000,0.00000492172000000,0.00000263244000000,0.00000307952000000,0.00000000000000000,0.00000000000000000,0.00000000000000000,0.00000000000000000,0.00000000000000000,0.00000000000000000,0.00000000000000000,0.00000000000000000,0.00000102586000000,0.00000000000000000,0.00008390670000000,0.00005426670000000
PWY-7208: superpathway of pyrimidine nucleobases salvage,0.00008101670000000,0.00007413900000000,0.00000000000000000,0.00005006120000000,0.00000000000000000,0.00000000000000000,0.00000000000000000,0.00000000000000000,0.00000000000000000,0.00000000000000000,0.00000000000000000,0.00000000000000000,0.00000000000000000,0.00000000000000000,0.00000000000000000,0.00000000000000000,0.00000000000000000,0.00000000000000000,0.00000000000000000,0.00000000000000000,0.00000000000000000,0.00000000000000000,0.00000000000000000,0.00000000000000000,0.00000000000000000,0.00000000000000000,0.00000000000000000,0.00000000000000000
PWY-7209: superpathway of pyrimidine ribonucleosides degradation,0.00000000000000000,0.00000035032000000,0.00000000000000000,0.00000000000000000,0.00000000000000000,0.00000000000000000,0.00000000000000000,0.00000000000000000,0.00000000000000000,0.00000000000000000,0.00000000000000000,0.00000000000000000,0.00000000000000000,0.00000000000000000,0.00000000000000000,0.00000000000000000,0.00000000000000000,0.00000426955000000,0.00000893091000000,0.00000530856000000,0.00000618153000000,0.00000572864000000,0.00000000000000000,0.00000000000000000,0.00000425983000000,0.00000000000000000,0.00000000000000000,0.00000000000000000
PWY-7210: pyrimidine deoxyribonucleotides biosynthesis from CTP,0.00000951218000000,0.00001385840000000,0.00002557860000000,0.00000349087000000,0.00001817960000000,0.00001560340000000,0.00001770270000000,0.00004155170000000,0.00002484260000000,0.00000661360000000,0.00001035930000000,0.00000710807000000,0.00006720380000000,0.00001816860000000,0.00001389790000000,0.00001715150000000,0.00001047350000000,0.00000081004300000,0.00000183623000000,0.00000085024700000,0.00000000000000000,0.00000074145500000,0.00000044107100000,0.00000192041000000,0.00000135356000000,0.00000220594000000,0.00000341223000000,0.00000554973000000
PWY-7211: superpathway of pyrimidine deoxyribonucleotides de novo biosynthesis,0.00006742520000000,0.00008160310000000,0.00000000000000000,0.00005947740000000,0.00000000000000000,0.00000000000000000,0.00000000000000000,0.00007897250000000,0.00000000000000000,0.00000000000000000,0.00000000000000000,0.00000000000000000,0.00000000000000000,0.00006210490000000,0.00000000000000000,0.00000000000000000,0.00000000000000000,0.00003612060000000,0.00004407690000000,0.00002459420000000,0.00004001850000000,0.00004265150000000,0.00006816070000000,0.00006626800000000,0.00003216450000000,0.00009967550000000,0.00008575410000000,0.00000000000000000
PWY-7219: adenosine ribonucleotides de novo biosynthesis,0.00000000000000000,0.00000000000000000,0.00000000000000000,0.00000000000000000,0.00000000000000000,0.00000000000000000,0.00000000000000000,0.00000000000000000,0.00000000000000000,0.00000000000000000,0.00000000000000000,0.00000000000000000,0.00000000000000000,0.00000000000000000,0.00000000000000000,0.00000000000000000,0.00000000000000000,0.00000000000000000,0.00000000000000000,0.00000000000000000,0.00000000000000000,0.00000000000000000,0.00000000000000000,0.00000000000000000,0.00000000000000000,0.00000000000000000,0.00000000000000000,0.00000000000000000
PWY-7220: adenosine deoxyribonucleotides de novo biosynthesis II,0.00000000000000000,0.00000000000000000,0.00000000000000000,0.00000000000000000,0.00000000000000000,0.00000000000000000,0.00000000000000000,0.00000000000000000,0.00000000000000000,0.00000000000000000,0.00000000000000000,0.00000000000000000,0.00000000000000000,0.00000000000000000,0.00000000000000000,0.00000000000000000,0.00000000000000000,0.00000000000000000,0.00000000000000000,0.00000000000000000,0.00000000000000000,0.00000000000000000,0.00000000000000000,0.00000000000000000,0.00000000000000000,0.00000000000000000,0.00000000000000000,0.00000000000000000
PWY-7221: guanosine ribonucleotides de novo biosynthesis,0.00000000000000000,0.00000000000000000,0.00000000000000000,0.00000000000000000,0.00000000000000000,0.00000000000000000,0.00000000000000000,0.00000000000000000,0.00000000000000000,0.00000000000000000,0.00000000000000000,0.00000000000000000,0.00000000000000000,0.00000000000000000,0.00000000000000000,0.00000000000000000,0.00000000000000000,0.00000000000000000,0.00000000000000000,0.00000000000000000,0.00000000000000000,0.00000000000000000,0.00000000000000000,0.00000000000000000,0.00000000000000000,0.00000000000000000,0.00000000000000000,0.00000000000000000
PWY-7222: guanosine deoxyribonucleotides de novo biosynthesis II,0.00000000000000000,0.00000000000000000,0.00000000000000000,0.00000000000000000,0.00000000000000000,0.00000000000000000,0.00000000000000000,0.00000000000000000,0.00000000000000000,0.00000000000000000,0.00000000000000000,0.00000000000000000,0.00000000000000000,0.00000000000000000,0.00000000000000000,0.00000000000000000,0.00000000000000000,0.00000000000000000,0.00000000000000000,0.00000000000000000,0.00000000000000000,0.00000000000000000,0.00000000000000000,0.00000000000000000,0.00000000000000000,0.00000000000000000,0.00000000000000000,0.00000000000000000
PWY-7228: superpathway of guanosine nucleotides de novo biosynthesis I,0.00007709580000000,0.00009359890000000,0.00000000000000000,0.00007184600000000,0.00000000000000000,0.00000000000000000,0.00000000000000000,0.00000000000000000,0.00000000000000000,0.00000000000000000,0.00000000000000000,0.00000000000000000,0.00000000000000000,0.00000000000000000,0.00000000000000000,0.00000000000000000,0.00000000000000000,0.00000000000000000,0.00000000000000000,0.00000000000000000,0.00000000000000000,0.00000000000000000,0.00000000000000000,0.00000000000000000,0.00000000000000000,0.00000000000000000,0.00000000000000000,0.00000000000000000
PWY-7229: superpathway of adenosine nucleotides de novo biosynthesis I,0.00000000000000000,0.00000000000000000,0.00000000000000000,0.00000000000000000,0.00000000000000000,0.00000000000000000,0.00000000000000000,0.00000000000000000,0.00000000000000000,0.00000000000000000,0.00000000000000000,0.00000000000000000,0.00000000000000000,0.00000000000000000,0.00000000000000000,0.00000000000000000,0.00000000000000000,0.00000000000000000,0.00000000000000000,0.00000000000000000,0.00000000000000000,0.00000000000000000,0.00000000000000000,0.00000000000000000,0.00000000000000000,0.00000000000000000,0.00000000000000000,0.00000000000000000
PWY-7234: inosine-5'-phosphate biosynthesis III,0.00000000000000000,0.00000000000000000,0.00000737153000000,0.00008703190000000,0.00000648392000000,0.00000724432000000,0.00000000000000000,0.00000000000000000,0.00000000000000000,0.00006299510000000,0.00004830500000000,0.00007298930000000,0.00000000000000000,0.00000000000000000,0.00000500690000000,0.00000747589000000,0.00009952710000000,0.00006380610000000,0.00006485650000000,0.00008497130000000,0.00007136530000000,0.00005606640000000,0.00006287110000000,0.00005880100000000,0.00007251500000000,0.00007636670000000,0.00007772590000000,0.00008040630000000
"PWY-7237: myo-, chiro- and scillo-inositol degradation",0.00002153610000000,0.00002378850000000,0.00000437807000000,0.00006038580000000,0.00000713412000000,0.00000319704000000,0.00000899526000000,0.00000720162000000,0.00000679916000000,0.00001599310000000,0.00001591430000000,0.00001811370000000,0.00000761803000000,0.00000765462000000,0.00000434079000000,0.00000441956000000,0.00000429196000000,0.00003012580000000,0.00005335440000000,0.00002235470000000,0.00002406920000000,0.00002546840000000,0.00000938636000000,0.00001004150000000,0.00002302690000000,0.00001617420000000,0.00006982520000000,0.00002511480000000
PWY-7238: sucrose biosynthesis II,0.00000000000000000,0.00000000000000000,0.00000000000000000,0.00000000000000000,0.00000000000000000,0.00000000000000000,0.00000000000000000,0.00000000000000000,0.00000070575200000,0.00000000000000000,0.00000000000000000,0.00000000000000000,0.00000000000000000,0.00000000000000000,0.00000000000000000,0.00000000000000000,0.00000000000000000,0.00000000000000000,0.00000000000000000,0.00000000000000000,0.00000000000000000,0.00000000000000000,0.00000000000000000,0.00000000000000000,0.00000000000000000,0.00000000000000000,0.00000000000000000,0.00000000000000000
PWY-7242: D-fructuronate degradation,0.00000000000000000,0.00000000000000000,0.00004033190000000,0.00000000000000000,0.00004679320000000,0.00002885290000000,0.00007680870000000,0.00009246400000000,0.00007779120000000,0.00007727710000000,0.00006924090000000,0.00006525390000000,0.00009783890000000,0.00008394310000000,0.00005879410000000,0.00005921610000000,0.00004759930000000,0.00001295550000000,0.00002156610000000,0.00001528800000000,0.00001789640000000,0.00001484750000000,0.00003137620000000,0.00002082380000000,0.00001360710000000,0.00002882110000000,0.00000000000000000,0.00006426910000000
"PWY-724: superpathway of L-lysine, L-threonine and L-methionine biosynthesis II",0.00000000000000000,0.00000000000000000,0.00000000000000000,0.00000000000000000,0.00000000000000000,0.00000000000000000,0.00000000000000000,0.00000000000000000,0.00000000000000000,0.00000000000000000,0.00000000000000000,0.00000000000000000,0.00000000000000000,0.00000000000000000,0.00000000000000000,0.00000000000000000,0.00000000000000000,0.00008054640000000,0.00000000000000000,0.00008897970000000,0.00000000000000000,0.00000000000000000,0.00000000000000000,0.00000000000000000,0.00007725510000000,0.00000000000000000,0.00000000000000000,0.00000000000000000
PWY-7254: TCA cycle VII (acetate-producers),0.00005906930000000,0.00006943620000000,0.00003323880000000,0.00008073420000000,0.00001692340000000,0.00003153380000000,0.00002633440000000,0.00002225720000000,0.00002823370000000,0.00003813300000000,0.00003486300000000,0.00003794880000000,0.00002076750000000,0.00001591950000000,0.00002551260000000,0.00003033660000000,0.00000831887000000,0.00000733021000000,0.00001223850000000,0.00000709654000000,0.00000810480000000,0.00000692451000000,0.00000848316000000,0.00000614949000000,0.00000873682000000,0.00000784367000000,0.00009670700000000,0.00003784880000000
PWY-7269: NAD/NADP-NADH/NADPH mitochondrial interconversion (yeast),0.00006011050000000,0.00007276590000000,0.00000162230000000,0.00004947570000000,0.00000228251000000,0.00000192006000000,0.00000000000000000,0.00000000000000000,0.00000000000000000,0.00002997400000000,0.00001938210000000,0.00001666000000000,0.00000000000000000,0.00000000000000000,0.00000126479000000,0.00000000000000000,0.00000000000000000,0.00000000000000000,0.00000032960600000,0.00000000000000000,0.00000266557000000,0.00000000000000000,0.00000000000000000,0.00000000000000000,0.00000000000000000,0.00000000000000000,0.00005094960000000,0.00004083310000000
PWY-7270: L-methionine salvage cycle II (plants),0.00000203279000000,0.00000146987000000,0.00000000000000000,0.00000523257000000,0.00000000000000000,0.00000000000000000,0.00000000000000000,0.00000000000000000,0.00000000000000000,0.00000000000000000,0.00000000000000000,0.00000000000000000,0.00000000000000000,0.00000000000000000,0.00000000000000000,0.00000000000000000,0.00000000000000000,0.00000000000000000,0.00000000000000000,0.00000000000000000,0.00000000000000000,0.00000000000000000,0.00000000000000000,0.00000000000000000,0.00000000000000000,0.00000000000000000,0.00000165960000000,0.00000000000000000
PWY-7279: aerobic respiration II (cytochrome c) (yeast),0.00002489840000000,0.00003554070000000,0.00000073990000000,0.00000973800000000,0.00000059971700000,0.00000093723900000,0.00000030851800000,0.00000000000000000,0.00000000000000000,0.00000766217000000,0.00001097800000000,0.00000931835000000,0.00000241884000000,0.00000595386000000,0.00000061354300000,0.00000006978320000,0.00000000000000000,0.00000023861900000,0.00000016057900000,0.00000014901100000,0.00000110770000000,0.00000000000000000,0.00000000000000000,0.00000000000000000,0.00000000000000000,0.00000042683300000,0.00003154040000000,0.00002140610000000
PWY-7282: 4-amino-2-methyl-5-phosphomethylpyrimidine biosynthesis (yeast),0.00000000000000000,0.00000000000000000,0.00009897900000000,0.00000000000000000,0.00009299460000000,0.00000000000000000,0.00009476970000000,0.00000000000000000,0.00000000000000000,0.00000000000000000,0.00000000000000000,0.00000000000000000,0.00000000000000000,0.00009771960000000,0.00009329470000000,0.00008410810000000,0.00009452040000000,0.00000598431000000,0.00002766650000000,0.00002162400000000,0.00002112030000000,0.00002775030000000,0.00000000000000000,0.00009881980000000,0.00001941140000000,0.00009640660000000,0.00000000000000000,0.00000000000000000
PWY-7286: 7-(3-amino-3-carboxypropyl)-wyosine biosynthesis,0.00000000000000000,0.00000000000000000,0.00000000000000000,0.00000000000000000,0.00000000000000000,0.00000151849000000,0.00000000000000000,0.00000000000000000,0.00000000000000000,0.00000000000000000,0.00000000000000000,0.00000000000000000,0.00000000000000000,0.00000000000000000,0.00000000000000000,0.00000000000000000,0.00000000000000000,0.00000000000000000,0.00000000000000000,0.00000000000000000,0.00000000000000000,0.00000000000000000,0.00000000000000000,0.00000000000000000,0.00000000000000000,0.00000000000000000,0.00000000000000000,0.00000000000000000
"PWY-7288: fatty acid &beta;-oxidation (peroxisome, yeast)",0.00000053876700000,0.00000086856700000,0.00000000000000000,0.00000000000000000,0.00000000000000000,0.00000038911400000,0.00000000000000000,0.00000000000000000,0.00000000000000000,0.00000062590800000,0.00000000000000000,0.00000027864400000,0.00000174359000000,0.00000000000000000,0.00000000000000000,0.00000000000000000,0.00000000000000000,0.00000060273400000,0.00000011783000000,0.00000000000000000,0.00000000000000000,0.00000000000000000,0.00000000000000000,0.00000000000000000,0.00000000000000000,0.00000000000000000,0.00000000000000000,0.00000018882800000
PWY-7290: Escherichia coli serotype O86 O-antigen biosynthesis,0.00000000000000000,0.00000000000000000,0.00000000000000000,0.00000000000000000,0.00000000000000000,0.00000000000000000,0.00000000000000000,0.00000000000000000,0.00000000000000000,0.00000000000000000,0.00000000000000000,0.00000000000000000,0.00000000000000000,0.00000000000000000,0.00000000000000000,0.00000000000000000,0.00000000000000000,0.00000000000000000,0.00000000000000000,0.00000000000000000,0.00000000000000000,0.00000000000000000,0.00000000000000000,0.00000000000000000,0.00000000000000000,0.00000000000000000,0.00000000000000000,0.00000000000000000
PWY-7294: xylose degradation IV,0.00000070499300000,0.00000000000000000,0.00000000000000000,0.00000000000000000,0.00000000000000000,0.00000000000000000,0.00000000000000000,0.00000000000000000,0.00000000000000000,0.00000072238500000,0.00000000000000000,0.00000000000000000,0.00000000000000000,0.00000000000000000,0.00000000000000000,0.00000000000000000,0.00000000000000000,0.00000000000000000,0.00000000000000000,0.00000000000000000,0.00000000000000000,0.00000000000000000,0.00000000000000000,0.00000000000000000,0.00000000000000000,0.00000000000000000,0.00000000000000000,0.00000000000000000
PWY-7312: dTDP-D-&beta;-fucofuranose biosynthesis,0.00000000000000000,0.00004017820000000,0.00000000000000000,0.00000040231700000,0.00000000000000000,0.00000000000000000,0.00000000000000000,0.00000000000000000,0.00000000000000000,0.00005637340000000,0.00002244160000000,0.00005356980000000,0.00000000000000000,0.00000000000000000,0.00000000000000000,0.00000000000000000,0.00000000000000000,0.00000000000000000,0.00000000000000000,0.00000000000000000,0.00000000000000000,0.00000000000000000,0.00000000000000000,0.00000000000000000,0.00000000000000000,0.00000000000000000,0.00009305690000000,0.00005323610000000
PWY-7315: dTDP-N-acetylthomosamine biosynthesis,0.00005729520000000,0.00006409020000000,0.00004788220000000,0.00004475920000000,0.00004790600000000,0.00003332450000000,0.00004783690000000,0.00002958230000000,0.00004040290000000,0.00003313150000000,0.00003709880000000,0.00003170420000000,0.00005423640000000,0.00004762140000000,0.00004721290000000,0.00004278450000000,0.00001674640000000,0.00000868404000000,0.00000562841000000,0.00000743794000000,0.00000729362000000,0.00000706945000000,0.00000338501000000,0.00000264581000000,0.00001039470000000,0.00000813592000000,0.00002930630000000,0.00004222040000000
PWY-7316: dTDP-N-acetylviosamine biosynthesis,0.00001306470000000,0.00001098140000000,0.00001219400000000,0.00000568174000000,0.00001215720000000,0.00001043420000000,0.00001814740000000,0.00001371940000000,0.00001482340000000,0.00000538486000000,0.00000439387000000,0.00000416986000000,0.00001474690000000,0.00002460470000000,0.00001256770000000,0.00001088210000000,0.00000556399000000,0.00001207040000000,0.00001213120000000,0.00001678630000000,0.00001608780000000,0.00001425340000000,0.00001123960000000,0.00001255110000000,0.00001617740000000,0.00000104274000000,0.00000791269000000,0.00000398471000000
PWY-7317: superpathway of dTDP-glucose-derived O-antigen building blocks biosynthesis,0.00000000000000000,0.00000029131300000,0.00000049748900000,0.00000121000000000,0.00000000000000000,0.00000047580500000,0.00000101281000000,0.00000000000000000,0.00000000000000000,0.00000103230000000,0.00000130974000000,0.00000112396000000,0.00000052488500000,0.00000017177800000,0.00000034032300000,0.00000035199600000,0.00000048219600000,0.00000000000000000,0.00000000000000000,0.00000000000000000,0.00000000000000000,0.00000000000000000,0.00000052597200000,0.00000057786700000,0.00000000000000000,0.00000107260000000,0.00000246022000000,0.00000063511900000
PWY-7323: superpathway of GDP-mannose-derived O-antigen building blocks biosynthesis,0.00006956170000000,0.00007665000000000,0.00009954650000000,0.00000000000000000,0.00000000000000000,0.00000000000000000,0.00000000000000000,0.00000000000000000,0.00000000000000000,0.00000000000000000,0.00000000000000000,0.00000000000000000,0.00000000000000000,0.00000000000000000,0.00000000000000000,0.00000000000000000,0.00005462160000000,0.00001742820000000,0.00003224280000000,0.00002081690000000,0.00002522810000000,0.00002156820000000,0.00004347900000000,0.00003977180000000,0.00001381670000000,0.00006282900000000,0.00009899630000000,0.00000000000000000
PWY-7328: superpathway of UDP-glucose-derived O-antigen building blocks biosynthesis,0.00002048220000000,0.00002713270000000,0.00002366920000000,0.00004504080000000,0.00001032410000000,0.00002093280000000,0.00002939580000000,0.00002297290000000,0.00002868080000000,0.00001412730000000,0.00001451990000000,0.00001446730000000,0.00002360030000000,0.00001385270000000,0.00001600470000000,0.00002034450000000,0.00001071210000000,0.00000848338000000,0.00000791178000000,0.00000953739000000,0.00000959721000000,0.00000936728000000,0.00001292500000000,0.00001028660000000,0.00001109280000000,0.00000599840000000,0.00005022560000000,0.00001403770000000
PWY-7332: superpathway of UDP-N-acetylglucosamine-derived O-antigen building blocks biosynthesis,0.00000000000000000,0.00000164071000000,0.00000729357000000,0.00000000000000000,0.00000819548000000,0.00000900784000000,0.00000377807000000,0.00000663936000000,0.00000626246000000,0.00000000000000000,0.00000000000000000,0.00000000000000000,0.00000589195000000,0.00000403592000000,0.00000834898000000,0.00000696811000000,0.00002731160000000,0.00002737730000000,0.00002500310000000,0.00002613810000000,0.00000966539000000,0.00001103000000000,0.00001177120000000,0.00002522060000000,0.00002990450000000,0.00003286360000000,0.00000000000000000,0.00000000000000000
PWY-7345: superpathway of anaerobic sucrose degradation,0.00000000000000000,0.00000000000000000,0.00000000000000000,0.00000000000000000,0.00000000000000000,0.00000000000000000,0.00000000000000000,0.00000000000000000,0.00000000000000000,0.00000000000000000,0.00000000000000000,0.00000000000000000,0.00000000000000000,0.00000000000000000,0.00000000000000000,0.00000000000000000,0.00000000000000000,0.00000000000000000,0.00000783598000000,0.00000000000000000,0.00000000000000000,0.00000000000000000,0.00000000000000000,0.00000000000000000,0.00000000000000000,0.00000000000000000,0.00000000000000000,0.00000000000000000
PWY-7347: sucrose biosynthesis III,0.00000000000000000,0.00000000000000000,0.00000000000000000,0.00000000000000000,0.00000000000000000,0.00000000000000000,0.00000000000000000,0.00000000000000000,0.00000054852800000,0.00000000000000000,0.00000000000000000,0.00000000000000000,0.00000000000000000,0.00000000000000000,0.00000000000000000,0.00000000000000000,0.00000000000000000,0.00000000000000000,0.00000000000000000,0.00000000000000000,0.00000000000000000,0.00000000000000000,0.00000000000000000,0.00000000000000000,0.00000000000000000,0.00000000000000000,0.00000000000000000,0.00000000000000000
PWY-7357: thiamin formation from pyrithiamine and oxythiamine (yeast),0.00000000000000000,0.00000000000000000,0.00006854940000000,0.00000000000000000,0.00006218820000000,0.00008429830000000,0.00007478910000000,0.00009046290000000,0.00000000000000000,0.00000000000000000,0.00000000000000000,0.00000000000000000,0.00008306840000000,0.00007467900000000,0.00005966930000000,0.00005677450000000,0.00008586060000000,0.00000584647000000,0.00002625390000000,0.00002019270000000,0.00002014050000000,0.00002616630000000,0.00009515040000000,0.00008757130000000,0.00001787810000000,0.00008470380000000,0.00008957040000000,0.00000000000000000
"PWY-7371: 1,4-dihydroxy-6-naphthoate biosynthesis II",0.00000000000000000,0.00000000000000000,0.00000000000000000,0.00000000000000000,0.00000000000000000,0.00000000000000000,0.00000000000000000,0.00000000000000000,0.00000000000000000,0.00000100055000000,0.00000575630000000,0.00000386139000000,0.00000312074000000,0.00000586751000000,0.00000000000000000,0.00000000000000000,0.00000538170000000,0.00000000000000000,0.00000000000000000,0.00000000000000000,0.00000000000000000,0.00000000000000000,0.00000729235000000,0.00000412305000000,0.00000000000000000,0.00000231048000000,0.00003596250000000,0.00000166278000000
PWY-7373: superpathway of demethylmenaquinol-6 biosynthesis II,0.00000000000000000,0.00000000000000000,0.00000000000000000,0.00000000000000000,0.00000000000000000,0.00000000000000000,0.00000000000000000,0.00000000000000000,0.00000000000000000,0.00000000000000000,0.00000284395000000,0.00000044472500000,0.00000253003000000,0.00000510776000000,0.00000000000000000,0.00000000000000000,0.00000000000000000,0.00000000000000000,0.00000000000000000,0.00000000000000000,0.00000000000000000,0.00000000000000000,0.00000000000000000,0.00000000000000000,0.00000000000000000,0.00000000000000000,0.00003365120000000,0.00000000000000000
"PWY-7374: 1,4-dihydroxy-6-naphthoate biosynthesis I",0.00000000000000000,0.00000000000000000,0.00000000000000000,0.00000000000000000,0.00000000000000000,0.00000000000000000,0.00000000000000000,0.00000000000000000,0.00000000000000000,0.00000000000000000,0.00000000000000000,0.00000000000000000,0.00000137674000000,0.00000000000000000,0.00000000000000000,0.00000000000000000,0.00000000000000000,0.00000000000000000,0.00000000000000000,0.00000000000000000,0.00000000000000000,0.00000000000000000,0.00000000000000000,0.00000000000000000,0.00000000000000000,0.00000000000000000,0.00000000000000000,0.00000000000000000
"PWY-7383: anaerobic energy metabolism (invertebrates, cytosol)",0.00000000000000000,0.00009678590000000,0.00004524530000000,0.00009064140000000,0.00002766200000000,0.00003647070000000,0.00004818510000000,0.00004776410000000,0.00007036600000000,0.00007136840000000,0.00005162330000000,0.00004329800000000,0.00007003270000000,0.00004083130000000,0.00003996210000000,0.00003884860000000,0.00008859050000000,0.00007670470000000,0.00000000000000000,0.00000000000000000,0.00000000000000000,0.00000000000000000,0.00000000000000000,0.00007074280000000,0.00007975520000000,0.00004441770000000,0.00006729670000000,0.00004973310000000
"PWY-7384: anaerobic energy metabolism (invertebrates, mitochondrial)",0.00002181280000000,0.00002865150000000,0.00002319160000000,0.00006764150000000,0.00001750920000000,0.00001667310000000,0.00000240846000000,0.00001714560000000,0.00001421570000000,0.00003618880000000,0.00003042350000000,0.00002987880000000,0.00001505910000000,0.00001371350000000,0.00002164970000000,0.00002236460000000,0.00001298630000000,0.00001291960000000,0.00002267180000000,0.00001932280000000,0.00002803180000000,0.00001863230000000,0.00001240530000000,0.00001191290000000,0.00001670150000000,0.00001813030000000,0.00003067670000000,0.00002643690000000
"PWY-7385: 1,3-propanediol biosynthesis (engineered)",0.00000000000000000,0.00000000000000000,0.00000000000000000,0.00000000000000000,0.00000000000000000,0.00000052218700000,0.00000000000000000,0.00000016929700000,0.00000054324100000,0.00000000000000000,0.00000200831000000,0.00000021577100000,0.00000000000000000,0.00000000000000000,0.00000000000000000,0.00000123364000000,0.00000000000000000,0.00000000000000000,0.00000000000000000,0.00000000000000000,0.00000000000000000,0.00000000000000000,0.00000000000000000,0.00000000000000000,0.00000000000000000,0.00000000000000000,0.00000000000000000,0.00000000000000000
"PWY-7388: octanoyl-[acyl-carrier protein] biosynthesis (mitochondria, yeast)",0.00009604590000000,0.00000000000000000,0.00000000000000000,0.00000000000000000,0.00000000000000000,0.00000000000000000,0.00000000000000000,0.00000000000000000,0.00000000000000000,0.00000000000000000,0.00000000000000000,0.00000000000000000,0.00000000000000000,0.00000000000000000,0.00000000000000000,0.00000000000000000,0.00000000000000000,0.00000000000000000,0.00000000000000000,0.00000000000000000,0.00000000000000000,0.00000000000000000,0.00000000000000000,0.00000000000000000,0.00000000000000000,0.00000000000000000,0.00000000000000000,0.00000000000000000
PWY-7389: superpathway of anaerobic energy metabolism (invertebrates),0.00003191380000000,0.00004054390000000,0.00002546250000000,0.00007563860000000,0.00001664870000000,0.00001819410000000,0.00000397032000000,0.00002143660000000,0.00001957710000000,0.00004166790000000,0.00003635490000000,0.00003427570000000,0.00001706370000000,0.00001657830000000,0.00001960470000000,0.00002010770000000,0.00001617530000000,0.00001195490000000,0.00002517500000000,0.00002128320000000,0.00002607950000000,0.00001883220000000,0.00001870880000000,0.00001746190000000,0.00001564140000000,0.00002387480000000,0.00003967150000000,0.00003284810000000
PWY-7391: isoprene biosynthesis II (engineered),0.00000259564000000,0.00000380857000000,0.00000000000000000,0.00000201008000000,0.00000000000000000,0.00000000000000000,0.00000000000000000,0.00000000000000000,0.00000000000000000,0.00000000000000000,0.00000000000000000,0.00000000000000000,0.00000000000000000,0.00000000000000000,0.00000000000000000,0.00000000000000000,0.00000000000000000,0.00000000000000000,0.00000000000000000,0.00000000000000000,0.00000000000000000,0.00000000000000000,0.00000000000000000,0.00000000000000000,0.00000000000000000,0.00000000000000000,0.00000207894000000,0.00000000000000000
PWY-7392: taxadiene biosynthesis (engineered),0.00006533020000000,0.00008002840000000,0.00000691917000000,0.00005657260000000,0.00001165460000000,0.00001375790000000,0.00002847630000000,0.00001936050000000,0.00001843680000000,0.00003709470000000,0.00002717050000000,0.00002675130000000,0.00002173780000000,0.00002502290000000,0.00001448980000000,0.00001527340000000,0.00001574520000000,0.00000000000000000,0.00000342283000000,0.00000000000000000,0.00000000000000000,0.00000000000000000,0.00001509700000000,0.00001265420000000,0.00000000000000000,0.00001504370000000,0.00006612590000000,0.00003976150000000
PWY-7400: L-arginine biosynthesis IV (archaebacteria),0.00000000000000000,0.00000000000000000,0.00000000000000000,0.00000000000000000,0.00000000000000000,0.00000000000000000,0.00000000000000000,0.00000000000000000,0.00000000000000000,0.00000000000000000,0.00000000000000000,0.00000000000000000,0.00000000000000000,0.00000000000000000,0.00000000000000000,0.00000000000000000,0.00000000000000000,0.00000000000000000,0.00000000000000000,0.00000000000000000,0.00000000000000000,0.00000000000000000,0.00000000000000000,0.00000000000000000,0.00000000000000000,0.00000000000000000,0.00000000000000000,0.00000000000000000
"PWY-7409: phospholipid remodeling (phosphatidylethanolamine, yeast)",0.00001085410000000,0.00002229400000000,0.00000000000000000,0.00004350950000000,0.00000249799000000,0.00000225615000000,0.00000000000000000,0.00000000000000000,0.00000128070000000,0.00000122322000000,0.00000233216000000,0.00000251943000000,0.00000000000000000,0.00000000000000000,0.00000118221000000,0.00000000000000000,0.00000000000000000,0.00000000000000000,0.00000000000000000,0.00000000000000000,0.00000000000000000,0.00000000000000000,0.00000000000000000,0.00000000000000000,0.00000000000000000,0.00000000000000000,0.00003194830000000,0.00000897901000000
PWY-7446: sulfoglycolysis,0.00001317310000000,0.00001992700000000,0.00000000000000000,0.00002137370000000,0.00000150230000000,0.00000125747000000,0.00000000000000000,0.00000000000000000,0.00000000000000000,0.00000496205000000,0.00000606283000000,0.00000584947000000,0.00000000000000000,0.00000000000000000,0.00000035263300000,0.00000000000000000,0.00000000000000000,0.00000000000000000,0.00000017271900000,0.00000000000000000,0.00000000000000000,0.00000000000000000,0.00000000000000000,0.00000000000000000,0.00000000000000000,0.00000000000000000,0.00000622917000000,0.00001113560000000
PWY-7456: mannan degradation,0.00000865921000000,0.00001425010000000,0.00000000000000000,0.00000000000000000,0.00000000000000000,0.00000000000000000,0.00000000000000000,0.00000000000000000,0.00000000000000000,0.00000000000000000,0.00000000000000000,0.00000000000000000,0.00000000000000000,0.00000000000000000,0.00000000000000000,0.00000000000000000,0.00009600230000000,0.00000000000000000,0.00000000000000000,0.00000000000000000,0.00000000000000000,0.00000000000000000,0.00009111220000000,0.00007609470000000,0.00000000000000000,0.00000000000000000,0.00002005290000000,0.00000000000000000
PWY-7527: L-methionine salvage cycle III,0.00000000000000000,0.00000000000000000,0.00000000000000000,0.00000000000000000,0.00000000000000000,0.00000000000000000,0.00000000000000000,0.00000000000000000,0.00000000000000000,0.00000000000000000,0.00000000000000000,0.00000000000000000,0.00000000000000000,0.00000000000000000,0.00000000000000000,0.00000000000000000,0.00000000000000000,0.00000000000000000,0.00000000000000000,0.00000000000000000,0.00000000000000000,0.00000000000000000,0.00000000000000000,0.00000000000000000,0.00000000000000000,0.00000000000000000,0.00000000000000000,0.00000000000000000
PWY-7528: L-methionine salvage cycle I (bacteria and plants),0.00000250193000000,0.00000316600000000,0.00000000000000000,0.00001339240000000,0.00000000000000000,0.00000000000000000,0.00000000000000000,0.00000000000000000,0.00000000000000000,0.00000000000000000,0.00000000000000000,0.00000000000000000,0.00000000000000000,0.00000000000000000,0.00000000000000000,0.00000000000000000,0.00000000000000000,0.00000000000000000,0.00000000000000000,0.00000000000000000,0.00000000000000000,0.00000000000000000,0.00000000000000000,0.00000000000000000,0.00000000000000000,0.00000000000000000,0.00001813220000000,0.00000000000000000
PWY-7539: 6-hydroxymethyl-dihydropterin diphosphate biosynthesis III (Chlamydia),0.00004951130000000,0.00005260910000000,0.00000000000000000,0.00006471700000000,0.00000000000000000,0.00000000000000000,0.00000000000000000,0.00008622050000000,0.00000000000000000,0.00007193700000000,0.00005970160000000,0.00008395690000000,0.00000000000000000,0.00000000000000000,0.00000000000000000,0.00000000000000000,0.00009830620000000,0.00000000000000000,0.00000000000000000,0.00000000000000000,0.00000000000000000,0.00000000000000000,0.00000000000000000,0.00009645880000000,0.00000000000000000,0.00000000000000000,0.00004349420000000,0.00007707780000000
PWY-7560: methylerythritol phosphate pathway II,0.00000000000000000,0.00000000000000000,0.00000000000000000,0.00000000000000000,0.00000000000000000,0.00000000000000000,0.00000000000000000,0.00000000000000000,0.00000000000000000,0.00000000000000000,0.00000000000000000,0.00000000000000000,0.00000000000000000,0.00000000000000000,0.00000000000000000,0.00000000000000000,0.00000000000000000,0.00001772610000000,0.00002025480000000,0.00003250230000000,0.00001735900000000,0.00002053750000000,0.00005214990000000,0.00005474500000000,0.00002050070000000,0.00007373260000000,0.00000000000000000,0.00000000000000000
PWY-7616: methanol oxidation to carbon dioxide,0.00000159305000000,0.00000214846000000,0.00000000000000000,0.00000157886000000,0.00000134994000000,0.00000000000000000,0.00000000000000000,0.00000000000000000,0.00000000000000000,0.00000000000000000,0.00000104244000000,0.00000000000000000,0.00000000000000000,0.00000000000000000,0.00000000000000000,0.00000000000000000,0.00000000000000000,0.00000000000000000,0.00000000000000000,0.00000000000000000,0.00000000000000000,0.00000000000000000,0.00000031761200000,0.00000034637700000,0.00000000000000000,0.00000054003200000,0.00000000000000000,0.00000078033800000
PWY-7644: heparin degradation,0.00000000000000000,0.00000000000000000,0.00001313900000000,0.00000000000000000,0.00001548220000000,0.00001824340000000,0.00002275530000000,0.00002144890000000,0.00001711450000000,0.00000000000000000,0.00000000000000000,0.00000000000000000,0.00001888460000000,0.00001958760000000,0.00001438100000000,0.00001924670000000,0.00000195063000000,0.00000181636000000,0.00000235976000000,0.00000349971000000,0.00000285958000000,0.00000245256000000,0.00001162560000000,0.00001495700000000,0.00000321384000000,0.00000470708000000,0.00000000000000000,0.00000000000000000
PWY-7663: gondoate biosynthesis (anaerobic),0.00000000000000000,0.00000000000000000,0.00000000000000000,0.00000000000000000,0.00000000000000000,0.00000000000000000,0.00000000000000000,0.00000000000000000,0.00000000000000000,0.00000000000000000,0.00000000000000000,0.00000000000000000,0.00000000000000000,0.00000000000000000,0.00000000000000000,0.00000000000000000,0.00000000000000000,0.00000000000000000,0.00000000000000000,0.00000000000000000,0.00000000000000000,0.00000000000000000,0.00000000000000000,0.00000000000000000,0.00000000000000000,0.00000000000000000,0.00000000000000000,0.00000000000000000
PWY-7664: oleate biosynthesis IV (anaerobic),0.00009799680000000,0.00000000000000000,0.00000000000000000,0.00000000000000000,0.00000000000000000,0.00000000000000000,0.00000000000000000,0.00000000000000000,0.00000000000000000,0.00009564450000000,0.00000000000000000,0.00000000000000000,0.00000000000000000,0.00000000000000000,0.00000000000000000,0.00000000000000000,0.00000000000000000,0.00006232920000000,0.00009008040000000,0.00000000000000000,0.00000000000000000,0.00000000000000000,0.00000000000000000,0.00000000000000000,0.00008148640000000,0.00000000000000000,0.00000000000000000,0.00009444280000000
PWY-821: superpathway of sulfur amino acid biosynthesis (Saccharomyces cerevisiae),0.00002589040000000,0.00001982310000000,0.00000325956000000,0.00001562750000000,0.00000822039000000,0.00000805846000000,0.00000146743000000,0.00000090293700000,0.00000932559000000,0.00002876780000000,0.00002829740000000,0.00003360270000000,0.00000036542400000,0.00000000000000000,0.00000660994000000,0.00000280343000000,0.00004853310000000,0.00000000000000000,0.00000000000000000,0.00000059733500000,0.00000219811000000,0.00000000000000000,0.00004188000000000,0.00002238310000000,0.00000168948000000,0.00003275940000000,0.00001840690000000,0.00002694720000000
PWY-841: superpathway of purine nucleotides de novo biosynthesis I,0.00000000000000000,0.00000000000000000,0.00000000000000000,0.00000000000000000,0.00000000000000000,0.00000000000000000,0.00000000000000000,0.00000000000000000,0.00000000000000000,0.00000000000000000,0.00000000000000000,0.00000000000000000,0.00000000000000000,0.00000000000000000,0.00000000000000000,0.00000000000000000,0.00000000000000000,0.00000000000000000,0.00000000000000000,0.00000000000000000,0.00000000000000000,0.00000000000000000,0.00000000000000000,0.00000000000000000,0.00000000000000000,0.00000000000000000,0.00000000000000000,0.00000000000000000
PWY-922: mevalonate pathway I,0.00000433904000000,0.00000437885000000,0.00000000000000000,0.00000260501000000,0.00000000000000000,0.00000000000000000,0.00000000000000000,0.00000000000000000,0.00000000000000000,0.00000047303100000,0.00000000000000000,0.00000000000000000,0.00000000000000000,0.00000000000000000,0.00000000000000000,0.00000000000000000,0.00000000000000000,0.00000000000000000,0.00000000000000000,0.00000000000000000,0.00000000000000000,0.00000000000000000,0.00000000000000000,0.00000000000000000,0.00000000000000000,0.00000000000000000,0.00000290710000000,0.00000000000000000
PWY0-1061: superpathway of L-alanine biosynthesis,0.00000000000000000,0.00000000000000000,0.00002592180000000,0.00000000000000000,0.00001513270000000,0.00001733750000000,0.00004640550000000,0.00002971080000000,0.00003536340000000,0.00005445400000000,0.00006407360000000,0.00005592010000000,0.00001572390000000,0.00001952750000000,0.00001590580000000,0.00001600720000000,0.00001706010000000,0.00000215038000000,0.00000363632000000,0.00000483985000000,0.00000561577000000,0.00000496520000000,0.00005376140000000,0.00004498800000000,0.00000394953000000,0.00004743500000000,0.00000000000000000,0.00008757890000000
PWY0-1241: ADP-L-glycero-&beta;-D-manno-heptose biosynthesis,0.00003183190000000,0.00004707130000000,0.00000083356000000,0.00004948820000000,0.00000112939000000,0.00000212693000000,0.00000000000000000,0.00000000000000000,0.00000031943800000,0.00001580800000000,0.00001456880000000,0.00000928913000000,0.00000233707000000,0.00000626599000000,0.00000044644200000,0.00000000000000000,0.00000332740000000,0.00000022340200000,0.00000096697600000,0.00000082911700000,0.00000064039000000,0.00000175480000000,0.00000672760000000,0.00001559670000000,0.00000072573900000,0.00000837637000000,0.00008481460000000,0.00001924730000000
PWY0-1261: anhydromuropeptides recycling,0.00000000000000000,0.00000000000000000,0.00002004530000000,0.00000000000000000,0.00002689980000000,0.00002462270000000,0.00001713250000000,0.00005243510000000,0.00003577800000000,0.00006907210000000,0.00004477560000000,0.00004729740000000,0.00004049380000000,0.00001447360000000,0.00002086250000000,0.00001349810000000,0.00004700380000000,0.00004470260000000,0.00005850780000000,0.00004520920000000,0.00006789720000000,0.00005640540000000,0.00005996000000000,0.00006793380000000,0.00004838270000000,0.00007285320000000,0.00000000000000000,0.00008356780000000
PWY0-1277: 3-phenylpropanoate and 3-(3-hydroxyphenyl)propanoate degradation,0.00002081840000000,0.00003122800000000,0.00000000000000000,0.00004584690000000,0.00000097465000000,0.00000132891000000,0.00000000000000000,0.00000000000000000,0.00000000000000000,0.00001016740000000,0.00000869173000000,0.00000920017000000,0.00000000000000000,0.00000000000000000,0.00000059014600000,0.00000000000000000,0.00000000000000000,0.00000000000000000,0.00000000000000000,0.00000000000000000,0.00000000000000000,0.00000000000000000,0.00000000000000000,0.00000000000000000,0.00000000000000000,0.00000000000000000,0.00003966260000000,0.00001557890000000
PWY0-1296: purine ribonucleosides degradation,0.00000000000000000,0.00000000000000000,0.00000000000000000,0.00000000000000000,0.00000000000000000,0.00000000000000000,0.00000000000000000,0.00000000000000000,0.00000000000000000,0.00000000000000000,0.00000000000000000,0.00000000000000000,0.00000000000000000,0.00000000000000000,0.00000000000000000,0.00000000000000000,0.00000000000000000,0.00000000000000000,0.00000000000000000,0.00000000000000000,0.00000000000000000,0.00000000000000000,0.00000000000000000,0.00000000000000000,0.00000000000000000,0.00000000000000000,0.00000000000000000,0.00000000000000000
PWY0-1297: superpathway of purine deoxyribonucleosides degradation,0.00000000000000000,0.00000000000000000,0.00000000000000000,0.00000000000000000,0.00007594200000000,0.00000000000000000,0.00000000000000000,0.00000000000000000,0.00000000000000000,0.00000000000000000,0.00000000000000000,0.00000000000000000,0.00000000000000000,0.00009478040000000,0.00009794080000000,0.00000000000000000,0.00000000000000000,0.00009176360000000,0.00000000000000000,0.00009932020000000,0.00000000000000000,0.00009578090000000,0.00006382940000000,0.00006006800000000,0.00008581440000000,0.00007596040000000,0.00000000000000000,0.00000000000000000
PWY0-1298: superpathway of pyrimidine deoxyribonucleosides degradation,0.00000000000000000,0.00000000000000000,0.00005985750000000,0.00000000000000000,0.00005820200000000,0.00004491330000000,0.00008926460000000,0.00009352870000000,0.00008816900000000,0.00005096710000000,0.00005046470000000,0.00004846440000000,0.00009562340000000,0.00007509690000000,0.00005937430000000,0.00006630610000000,0.00004873650000000,0.00004305250000000,0.00007524530000000,0.00004770230000000,0.00005354160000000,0.00004757820000000,0.00001908160000000,0.00001561150000000,0.00004146660000000,0.00004393580000000,0.00000000000000000,0.00005849870000000
PWY0-1319: CDP-diacylglycerol biosynthesis II,0.00000000000000000,0.00000000000000000,0.00000000000000000,0.00000000000000000,0.00000000000000000,0.00000000000000000,0.00000000000000000,0.00000000000000000,0.00000000000000000,0.00000000000000000,0.00000000000000000,0.00000000000000000,0.00000000000000000,0.00000000000000000,0.00000000000000000,0.00000000000000000,0.00000000000000000,0.00000000000000000,0.00000000000000000,0.00000000000000000,0.00000000000000000,0.00000000000000000,0.00000000000000000,0.00000000000000000,0.00000000000000000,0.00000000000000000,0.00000000000000000,0.00000000000000000
PWY0-1338: polymyxin resistance,0.00002588200000000,0.00003952570000000,0.00000051091700000,0.00004314610000000,0.00000070919100000,0.00000112304000000,0.00000019616100000,0.00000000000000000,0.00000024630300000,0.00000887596000000,0.00000817162000000,0.00000728126000000,0.00000000000000000,0.00000000000000000,0.00000021868900000,0.00000030142000000,0.00000000000000000,0.00000000000000000,0.00000015856900000,0.00000000000000000,0.00000000000000000,0.00000000000000000,0.00000000000000000,0.00000000000000000,0.00000012710300000,0.00000000000000000,0.00005073610000000,0.00001764070000000
PWY0-1415: superpathway of heme biosynthesis from uroporphyrinogen-III,0.00002892280000000,0.00004069050000000,0.00000000000000000,0.00002552110000000,0.00000273716000000,0.00000263102000000,0.00000000000000000,0.00000121105000000,0.00000138814000000,0.00001462130000000,0.00001435240000000,0.00001523610000000,0.00000000000000000,0.00000158564000000,0.00000100109000000,0.00000136628000000,0.00000172765000000,0.00000000000000000,0.00000000000000000,0.00000000000000000,0.00000000000000000,0.00000152317000000,0.00000000000000000,0.00000000000000000,0.00000000000000000,0.00000000000000000,0.00005949490000000,0.00002208140000000
PWY0-1479: tRNA processing,0.00005791990000000,0.00007649010000000,0.00000562240000000,0.00008535460000000,0.00001790000000000,0.00002449280000000,0.00003025810000000,0.00002440120000000,0.00002965010000000,0.00002870500000000,0.00002211890000000,0.00002717620000000,0.00002297650000000,0.00001280090000000,0.00000862892000000,0.00001136650000000,0.00002188350000000,0.00000801653000000,0.00000672106000000,0.00001226430000000,0.00001468310000000,0.00001492270000000,0.00003139910000000,0.00002856850000000,0.00000934968000000,0.00003293370000000,0.00007650150000000,0.00003797470000000
PWY0-1533: methylphosphonate degradation I,0.00001699810000000,0.00002477290000000,0.00000042873000000,0.00005051470000000,0.00000105341000000,0.00000232888000000,0.00000027637200000,0.00000000000000000,0.00000000000000000,0.00000985196000000,0.00000694059000000,0.00000591462000000,0.00000000000000000,0.00000000000000000,0.00000049070100000,0.00000042919300000,0.00000000000000000,0.00000000000000000,0.00000059732300000,0.00000000000000000,0.00000000000000000,0.00000032062100000,0.00000000000000000,0.00000000000000000,0.00000043150600000,0.00000000000000000,0.00004446330000000,0.00001463130000000
PWY0-1586: peptidoglycan maturation (meso-diaminopimelate containing),0.00000000000000000,0.00000000000000000,0.00000000000000000,0.00000000000000000,0.00000000000000000,0.00000000000000000,0.00000000000000000,0.00000000000000000,0.00000000000000000,0.00000000000000000,0.00009680280000000,0.00009480000000000,0.00000000000000000,0.00000000000000000,0.00000000000000000,0.00000000000000000,0.00000000000000000,0.00004160640000000,0.00005447880000000,0.00005192870000000,0.00006403750000000,0.00005682410000000,0.00000000000000000,0.00000000000000000,0.00004351920000000,0.00000000000000000,0.00000000000000000,0.00000000000000000
PWY0-162: superpathway of pyrimidine ribonucleotides de novo biosynthesis,0.00008644010000000,0.00009720130000000,0.00000000000000000,0.00007725770000000,0.00000000000000000,0.00000000000000000,0.00000000000000000,0.00000000000000000,0.00000000000000000,0.00000000000000000,0.00000000000000000,0.00000000000000000,0.00000000000000000,0.00000000000000000,0.00000000000000000,0.00000000000000000,0.00000000000000000,0.00000000000000000,0.00000000000000000,0.00000000000000000,0.00000000000000000,0.00000000000000000,0.00000000000000000,0.00000000000000000,0.00000000000000000,0.00000000000000000,0.00000000000000000,0.00000000000000000
PWY0-166: superpathway of pyrimidine deoxyribonucleotides de novo biosynthesis (E. coli),0.00009488710000000,0.00000000000000000,0.00000000000000000,0.00000000000000000,0.00000000000000000,0.00000000000000000,0.00000000000000000,0.00000000000000000,0.00000000000000000,0.00000000000000000,0.00000000000000000,0.00000000000000000,0.00000000000000000,0.00000000000000000,0.00000000000000000,0.00000000000000000,0.00000000000000000,0.00000000000000000,0.00000000000000000,0.00000000000000000,0.00000000000000000,0.00000000000000000,0.00000000000000000,0.00000000000000000,0.00000000000000000,0.00000000000000000,0.00000000000000000,0.00000000000000000
PWY0-321: phenylacetate degradation I (aerobic),0.00001002530000000,0.00001352030000000,0.00000000000000000,0.00000402436000000,0.00000084030900000,0.00000000000000000,0.00000000000000000,0.00000000000000000,0.00000000000000000,0.00000000000000000,0.00000000000000000,0.00000051975900000,0.00000000000000000,0.00000000000000000,0.00000000000000000,0.00000000000000000,0.00000000000000000,0.00000000000000000,0.00000000000000000,0.00000000000000000,0.00000000000000000,0.00000000000000000,0.00000000000000000,0.00000000000000000,0.00000000000000000,0.00000000000000000,0.00001337870000000,0.00000687416000000
PWY0-41: allantoin degradation IV (anaerobic),0.00000034059900000,0.00000000000000000,0.00000000000000000,0.00000157497000000,0.00000077252400000,0.00000112144000000,0.00000052822100000,0.00000000000000000,0.00000000000000000,0.00000061470300000,0.00000000000000000,0.00000046807000000,0.00000000000000000,0.00000000000000000,0.00000095104200000,0.00000000000000000,0.00000048844400000,0.00000000000000000,0.00000000000000000,0.00000000000000000,0.00000000000000000,0.00000000000000000,0.00000000000000000,0.00000037911300000,0.00000000000000000,0.00000000000000000,0.00000000000000000,0.00000000000000000
PWY0-42: 2-methylcitrate cycle I,0.00000964635000000,0.00001760430000000,0.00000041549300000,0.00001927160000000,0.00000063943800000,0.00000107554000000,0.00000012858900000,0.00000000000000000,0.00000000000000000,0.00000572640000000,0.00000865885000000,0.00000575243000000,0.00000000000000000,0.00000000000000000,0.00000063141800000,0.00000000000000000,0.00000000000000000,0.00000000000000000,0.00000000000000000,0.00000000000000000,0.00000000000000000,0.00000000000000000,0.00000000000000000,0.00000000000000000,0.00000000000000000,0.00000000000000000,0.00001859760000000,0.00000979303000000
PWY0-781: aspartate superpathway,0.00009176860000000,0.00009509320000000,0.00002896070000000,0.00008762490000000,0.00004899190000000,0.00005796550000000,0.00006464600000000,0.00006795560000000,0.00006905600000000,0.00005033460000000,0.00005052210000000,0.00006094370000000,0.00007098350000000,0.00004831010000000,0.00002319310000000,0.00003523220000000,0.00004361220000000,0.00000925519000000,0.00002448120000000,0.00001233070000000,0.00001625270000000,0.00001961310000000,0.00004595990000000,0.00003870980000000,0.00001064170000000,0.00005260640000000,0.00008741860000000,0.00006398490000000
PWY0-845: superpathway of pyridoxal 5'-phosphate biosynthesis and salvage,0.00005908900000000,0.00006758430000000,0.00000000000000000,0.00000000000000000,0.00000000000000000,0.00000000000000000,0.00000000000000000,0.00000000000000000,0.00000000000000000,0.00000000000000000,0.00000000000000000,0.00000000000000000,0.00000000000000000,0.00000000000000000,0.00000000000000000,0.00000000000000000,0.00000000000000000,0.00000000000000000,0.00000000000000000,0.00000000000000000,0.00000000000000000,0.00000000000000000,0.00000000000000000,0.00000000000000000,0.00000000000000000,0.00000000000000000,0.00009456730000000,0.00000000000000000
PWY0-862: (5Z)-dodec-5-enoate biosynthesis,0.00009357390000000,0.00000000000000000,0.00000000000000000,0.00009983230000000,0.00000000000000000,0.00000000000000000,0.00000000000000000,0.00000000000000000,0.00000000000000000,0.00008871530000000,0.00009663130000000,0.00009684020000000,0.00000000000000000,0.00000000000000000,0.00000000000000000,0.00000000000000000,0.00000000000000000,0.00005409820000000,0.00007860090000000,0.00000000000000000,0.00008903500000000,0.00009503290000000,0.00000000000000000,0.00000000000000000,0.00007104840000000,0.00000000000000000,0.00000000000000000,0.00008779560000000
PWY0-881: superpathway of fatty acid biosynthesis I (E. coli),0.00001518690000000,0.00001003930000000,0.00000000000000000,0.00001048200000000,0.00000000000000000,0.00000000000000000,0.00000000000000000,0.00000063505400000,0.00000217112000000,0.00000000000000000,0.00000000000000000,0.00000000000000000,0.00000000000000000,0.00000000000000000,0.00000000000000000,0.00000000000000000,0.00000188337000000,0.00000000000000000,0.00000331570000000,0.00000236098000000,0.00000180030000000,0.00000203101000000,0.00000000000000000,0.00000000000000000,0.00000000000000000,0.00000000000000000,0.00000669618000000,0.00000000000000000
PWY1F-823: leucopelargonidin and leucocyanidin biosynthesis,0.00000000000000000,0.00000000000000000,0.00000000000000000,0.00000000000000000,0.00000000000000000,0.00000000000000000,0.00000000000000000,0.00000000000000000,0.00000000000000000,0.00003073480000000,0.00003515230000000,0.00002938160000000,0.00000000000000000,0.00000000000000000,0.00000000000000000,0.00000000000000000,0.00000000000000000,0.00000000000000000,0.00000000000000000,0.00000000000000000,0.00000000000000000,0.00000000000000000,0.00000000000000000,0.00000000000000000,0.00000000000000000,0.00000000000000000,0.00000000000000000,0.00002749530000000
PWY3DJ-35471: L-ascorbate biosynthesis IV,0.00000000000000000,0.00000000000000000,0.00000130961000000,0.00000000000000000,0.00000000000000000,0.00000000000000000,0.00000000000000000,0.00000000000000000,0.00000000000000000,0.00000000000000000,0.00000000000000000,0.00000000000000000,0.00000000000000000,0.00000000000000000,0.00000039549900000,0.00000088920700000,0.00000000000000000,0.00000000000000000,0.00000000000000000,0.00000000000000000,0.00000000000000000,0.00000000000000000,0.00000000000000000,0.00000000000000000,0.00000000000000000,0.00000000000000000,0.00000000000000000,0.00000000000000000
PWY3O-19: ubiquinol-6 biosynthesis from 4-hydroxybenzoate (eukaryotic),0.00000000000000000,0.00000000000000000,0.00000000000000000,0.00000000000000000,0.00000000000000000,0.00000000000000000,0.00000000000000000,0.00000000000000000,0.00000000000000000,0.00000076932200000,0.00000293337000000,0.00000180409000000,0.00000000000000000,0.00000000000000000,0.00000000000000000,0.00000000000000000,0.00000000000000000,0.00000000000000000,0.00000000000000000,0.00000000000000000,0.00000000000000000,0.00000000000000000,0.00000000000000000,0.00000000000000000,0.00000000000000000,0.00000000000000000,0.00000000000000000,0.00000000000000000
PWY3O-355: stearate biosynthesis III (fungi),0.00000082776000000,0.00000000000000000,0.00000000000000000,0.00000081039300000,0.00000000000000000,0.00000000000000000,0.00000000000000000,0.00000013318400000,0.00000000000000000,0.00000000000000000,0.00000000000000000,0.00000000000000000,0.00000000000000000,0.00000000000000000,0.00000000000000000,0.00000000000000000,0.00000031553500000,0.00000000000000000,0.00000059135500000,0.00000067061500000,0.00000054653400000,0.00000033626500000,0.00000000000000000,0.00000000000000000,0.00000000000000000,0.00000000000000000,0.00000000000000000,0.00000000000000000
PWY490-3: nitrate reduction VI (assimilatory),0.00000625461000000,0.00000893870000000,0.00000028873900000,0.00000162617000000,0.00000000000000000,0.00000067917500000,0.00000021376400000,0.00000056703800000,0.00000080958100000,0.00000564084000000,0.00000558537000000,0.00000503829000000,0.00000053704200000,0.00000047688700000,0.00000041718400000,0.00000031055000000,0.00000258290000000,0.00000122237000000,0.00000190223000000,0.00000111806000000,0.00000155368000000,0.00000160114000000,0.00000076851100000,0.00000106606000000,0.00000158350000000,0.00000114113000000,0.00000317511000000,0.00000589120000000
PWY4FS-7: phosphatidylglycerol biosynthesis I (plastidic),0.00000000000000000,0.00000000000000000,0.00005135900000000,0.00000000000000000,0.00007315950000000,0.00007576270000000,0.00008411160000000,0.00009624410000000,0.00008725000000000,0.00004350570000000,0.00003808670000000,0.00003708460000000,0.00006845110000000,0.00006971670000000,0.00006134810000000,0.00007305010000000,0.00002759320000000,0.00001336860000000,0.00001346380000000,0.00001280160000000,0.00001283890000000,0.00000777661000000,0.00003646240000000,0.00003506560000000,0.00000611620000000,0.00007754930000000,0.00000000000000000,0.00007166610000000
PWY4FS-8: phosphatidylglycerol biosynthesis II (non-plastidic),0.00000000000000000,0.00000000000000000,0.00005135900000000,0.00000000000000000,0.00007315950000000,0.00007576270000000,0.00008411160000000,0.00009624410000000,0.00008725000000000,0.00004350570000000,0.00003808670000000,0.00003708460000000,0.00006845110000000,0.00006971670000000,0.00006134810000000,0.00007305010000000,0.00002759320000000,0.00001336860000000,0.00001346380000000,0.00001280160000000,0.00001283820000000,0.00000777661000000,0.00003646240000000,0.00003506560000000,0.00000611620000000,0.00007754930000000,0.00000000000000000,0.00007166610000000
PWY4LZ-257: superpathway of fermentation (Chlamydomonas reinhardtii),0.00000000000000000,0.00000000000000000,0.00003102270000000,0.00004752300000000,0.00003955300000000,0.00003884710000000,0.00007323580000000,0.00005976600000000,0.00004926380000000,0.00006096350000000,0.00004052880000000,0.00004284900000000,0.00005644360000000,0.00005594320000000,0.00003207970000000,0.00003185820000000,0.00002354450000000,0.00000365934000000,0.00000444401000000,0.00000537401000000,0.00000575429000000,0.00000385933000000,0.00000546063000000,0.00001403020000000,0.00000277002000000,0.00002091250000000,0.00000000000000000,0.00005536600000000
PWY66-367: ketogenesis,0.00000175639000000,0.00000664355000000,0.00000000000000000,0.00000000000000000,0.00000000000000000,0.00000000000000000,0.00000000000000000,0.00000000000000000,0.00000000000000000,0.00000000000000000,0.00000000000000000,0.00000000000000000,0.00000000000000000,0.00000000000000000,0.00000000000000000,0.00000000000000000,0.00000000000000000,0.00000000000000000,0.00000000000000000,0.00000000000000000,0.00000000000000000,0.00000000000000000,0.00000000000000000,0.00000000000000000,0.00000000000000000,0.00000000000000000,0.00000000000000000,0.00000000000000000
PWY66-389: phytol degradation,0.00005412460000000,0.00006003590000000,0.00000725455000000,0.00003462070000000,0.00000588896000000,0.00000718682000000,0.00001771300000000,0.00001867520000000,0.00002123420000000,0.00003609840000000,0.00002960120000000,0.00003271120000000,0.00002034950000000,0.00000659894000000,0.00000596857000000,0.00000733354000000,0.00001423860000000,0.00007898820000000,0.00000000000000000,0.00007682130000000,0.00008137110000000,0.00009503630000000,0.00001434900000000,0.00001223820000000,0.00007205640000000,0.00004055310000000,0.00003572820000000,0.00002972640000000
PWY66-391: fatty acid &beta;-oxidation VI (peroxisome),0.00000107229000000,0.00000172486000000,0.00000000000000000,0.00000000000000000,0.00000000000000000,0.00000076972200000,0.00000000000000000,0.00000000000000000,0.00000000000000000,0.00000124348000000,0.00000000000000000,0.00000055522500000,0.00000334075000000,0.00000000000000000,0.00000000000000000,0.00000000000000000,0.00000000000000000,0.00000118004000000,0.00000023492800000,0.00000000000000000,0.00000000000000000,0.00000000000000000,0.00000000000000000,0.00000000000000000,0.00000000000000000,0.00000000000000000,0.00000000000000000,0.00000037683200000
PWY66-398: TCA cycle III (animals),0.00002606400000000,0.00002703880000000,0.00000894237000000,0.00006830020000000,0.00000584098000000,0.00000770090000000,0.00000000000000000,0.00000371741000000,0.00000139547000000,0.00000965673000000,0.00000382904000000,0.00001348040000000,0.00000000000000000,0.00000000000000000,0.00000805104000000,0.00000877635000000,0.00003325930000000,0.00001117200000000,0.00001852480000000,0.00001074530000000,0.00001156220000000,0.00001001820000000,0.00002646230000000,0.00002718910000000,0.00001282520000000,0.00002970250000000,0.00005410160000000,0.00001391750000000
PWY66-399: gluconeogenesis III,0.00000000000000000,0.00000000000000000,0.00009920350000000,0.00000000000000000,0.00006918140000000,0.00008743530000000,0.00000000000000000,0.00000000000000000,0.00000000000000000,0.00000000000000000,0.00000000000000000,0.00009441420000000,0.00000000000000000,0.00008940750000000,0.00008992730000000,0.00008907460000000,0.00000000000000000,0.00000000000000000,0.00000000000000000,0.00000000000000000,0.00000000000000000,0.00000000000000000,0.00000000000000000,0.00000000000000000,0.00000000000000000,0.00000000000000000,0.00009793400000000,0.00008700560000000
PWY66-400: glycolysis VI (metazoan),0.00000000000000000,0.00000000000000000,0.00000000000000000,0.00000000000000000,0.00000000000000000,0.00000000000000000,0.00000000000000000,0.00000000000000000,0.00000000000000000,0.00000000000000000,0.00000000000000000,0.00000000000000000,0.00000000000000000,0.00000000000000000,0.00000000000000000,0.00000000000000000,0.00000000000000000,0.00000000000000000,0.00000000000000000,0.00000000000000000,0.00000000000000000,0.00000000000000000,0.00000000000000000,0.00000000000000000,0.00000000000000000,0.00000000000000000,0.00000000000000000,0.00000000000000000
PWY66-409: superpathway of purine nucleotide salvage,0.00000000000000000,0.00000000000000000,0.00008929620000000,0.00000000000000000,0.00007945860000000,0.00000000000000000,0.00004980390000000,0.00004026530000000,0.00008671660000000,0.00006923930000000,0.00006715520000000,0.00005903320000000,0.00002164660000000,0.00004879860000000,0.00000000000000000,0.00009289830000000,0.00006952010000000,0.00005748340000000,0.00009898670000000,0.00009987930000000,0.00009089550000000,0.00008579170000000,0.00000581323000000,0.00002451360000000,0.00007138020000000,0.00004987940000000,0.00000000000000000,0.00008782700000000
PWY66-422: D-galactose degradation V (Leloir pathway),0.00000000000000000,0.00000000000000000,0.00000000000000000,0.00000000000000000,0.00000000000000000,0.00000000000000000,0.00000000000000000,0.00000000000000000,0.00000000000000000,0.00000000000000000,0.00000000000000000,0.00000000000000000,0.00000000000000000,0.00000000000000000,0.00000000000000000,0.00000000000000000,0.00000000000000000,0.00001814940000000,0.00003720080000000,0.00002736900000000,0.00003437090000000,0.00002912480000000,0.00000000000000000,0.00000000000000000,0.00002549130000000,0.00000000000000000,0.00000000000000000,0.00000000000000000
PWYG-321: mycolate biosynthesis,0.00000000000000000,0.00000000000000000,0.00000000000000000,0.00000000000000000,0.00000000000000000,0.00000000000000000,0.00000000000000000,0.00000000000000000,0.00000000000000000,0.00000000000000000,0.00000000000000000,0.00000000000000000,0.00000000000000000,0.00000000000000000,0.00000000000000000,0.00000000000000000,0.00000000000000000,0.00000000000000000,0.00000000000000000,0.00000000000000000,0.00000000000000000,0.00000000000000000,0.00000000000000000,0.00000000000000000,0.00000000000000000,0.00000000000000000,0.00000000000000000,0.00000000000000000
PYRIDNUCSAL-PWY: NAD salvage pathway I,0.00005068600000000,0.00005359140000000,0.00000628315000000,0.00003068180000000,0.00001365190000000,0.00001275900000000,0.00000493864000000,0.00002447370000000,0.00001234540000000,0.00003186980000000,0.00001617870000000,0.00002297620000000,0.00000740764000000,0.00000873630000000,0.00001079500000000,0.00000481539000000,0.00002248540000000,0.00000455569000000,0.00000542929000000,0.00000566075000000,0.00000965414000000,0.00000692943000000,0.00002374380000000,0.00002202200000000,0.00000564488000000,0.00002844660000000,0.00003065330000000,0.00003235410000000
PYRIDNUCSYN-PWY: NAD biosynthesis I (from aspartate),0.00006100980000000,0.00007755620000000,0.00000000000000000,0.00000000000000000,0.00000000000000000,0.00000000000000000,0.00000000000000000,0.00000000000000000,0.00000000000000000,0.00000000000000000,0.00000000000000000,0.00000000000000000,0.00000000000000000,0.00000000000000000,0.00000000000000000,0.00000000000000000,0.00000000000000000,0.00004996050000000,0.00006950780000000,0.00005502370000000,0.00006706910000000,0.00005688510000000,0.00000000000000000,0.00000000000000000,0.00004794720000000,0.00000000000000000,0.00009195740000000,0.00000000000000000
PYRIDOXSYN-PWY: pyridoxal 5'-phosphate biosynthesis I,0.00003860260000000,0.00005259840000000,0.00000000000000000,0.00000000000000000,0.00000000000000000,0.00000000000000000,0.00000000000000000,0.00000000000000000,0.00000000000000000,0.00000000000000000,0.00000000000000000,0.00000000000000000,0.00000000000000000,0.00000000000000000,0.00000000000000000,0.00000000000000000,0.00000000000000000,0.00000000000000000,0.00000000000000000,0.00000000000000000,0.00000000000000000,0.00000000000000000,0.00000000000000000,0.00000000000000000,0.00000000000000000,0.00000000000000000,0.00008897000000000,0.00000000000000000
REDCITCYC: TCA cycle VIII (helicobacter),0.00004360130000000,0.00004446240000000,0.00000087308300000,0.00004726760000000,0.00000237865000000,0.00000386048000000,0.00000181661000000,0.00000000000000000,0.00000038558400000,0.00002458560000000,0.00002038240000000,0.00001608200000000,0.00000342803000000,0.00001169620000000,0.00000108373000000,0.00000184936000000,0.00001187080000000,0.00000347251000000,0.00000660035000000,0.00000857409000000,0.00000697423000000,0.00000420060000000,0.00001354750000000,0.00001126120000000,0.00000417484000000,0.00001591050000000,0.00009414800000000,0.00003155940000000
RHAMCAT-PWY: L-rhamnose degradation I,0.00000000000000000,0.00000000000000000,0.00000000000000000,0.00000000000000000,0.00000000000000000,0.00000000000000000,0.00007059140000000,0.00007337540000000,0.00005504020000000,0.00000000000000000,0.00000000000000000,0.00000000000000000,0.00000000000000000,0.00000000000000000,0.00000000000000000,0.00000000000000000,0.00000000000000000,0.00000000000000000,0.00000000000000000,0.00000000000000000,0.00000000000000000,0.00000000000000000,0.00000000000000000,0.00000000000000000,0.00000000000000000,0.00000000000000000,0.00000000000000000,0.00000000000000000
RIBOSYN2-PWY: flavin biosynthesis I (bacteria and plants),0.00008241620000000,0.00008647280000000,0.00007808590000000,0.00000000000000000,0.00008752820000000,0.00000000000000000,0.00000000000000000,0.00000000000000000,0.00000000000000000,0.00000000000000000,0.00000000000000000,0.00000000000000000,0.00009911800000000,0.00007987550000000,0.00009104290000000,0.00000000000000000,0.00000000000000000,0.00001131320000000,0.00003281190000000,0.00003035050000000,0.00003791260000000,0.00003083890000000,0.00000000000000000,0.00000000000000000,0.00000836476000000,0.00000000000000000,0.00007608970000000,0.00000000000000000
RUMP-PWY: formaldehyde oxidation I,0.00001411290000000,0.00001048990000000,0.00000000000000000,0.00000579693000000,0.00000000000000000,0.00000201975000000,0.00000053355600000,0.00000000000000000,0.00000000000000000,0.00000548988000000,0.00000398855000000,0.00000355721000000,0.00000000000000000,0.00000000000000000,0.00000000000000000,0.00000000000000000,0.00000133397000000,0.00000000000000000,0.00000000000000000,0.00000000000000000,0.00000000000000000,0.00000035288800000,0.00000183572000000,0.00000000000000000,0.00000008885200000,0.00000244740000000,0.00000649364000000,0.00000350014000000
SALVADEHYPOX-PWY: adenosine nucleotides degradation II,0.00007827730000000,0.00009009300000000,0.00000663565000000,0.00006222230000000,0.00001779940000000,0.00003309180000000,0.00001631070000000,0.00003153830000000,0.00004679220000000,0.00002851320000000,0.00003234550000000,0.00003183710000000,0.00002029920000000,0.00001454000000000,0.00001444030000000,0.00001066980000000,0.00002724870000000,0.00001913700000000,0.00003995440000000,0.00002684310000000,0.00003015700000000,0.00003444310000000,0.00002165380000000,0.00001368260000000,0.00001603260000000,0.00003214340000000,0.00004357100000000,0.00004986230000000
SER-GLYSYN-PWY: superpathway of L-serine and glycine biosynthesis I,0.00000000000000000,0.00000000000000000,0.00000000000000000,0.00000000000000000,0.00000000000000000,0.00000000000000000,0.00000000000000000,0.00000000000000000,0.00000000000000000,0.00000000000000000,0.00009901750000000,0.00000000000000000,0.00000000000000000,0.00000000000000000,0.00000000000000000,0.00000000000000000,0.00000000000000000,0.00000000000000000,0.00000000000000000,0.00000000000000000,0.00000000000000000,0.00000000000000000,0.00000000000000000,0.00000000000000000,0.00000000000000000,0.00000000000000000,0.00000000000000000,0.00009171430000000
SO4ASSIM-PWY: sulfate reduction I (assimilatory),0.00005483290000000,0.00005610250000000,0.00000168444000000,0.00000000000000000,0.00000469009000000,0.00000512724000000,0.00000071240000000,0.00003432350000000,0.00000000000000000,0.00000000000000000,0.00000000000000000,0.00000000000000000,0.00000016426300000,0.00000000000000000,0.00000465076000000,0.00000139140000000,0.00006140480000000,0.00000134014000000,0.00000221003000000,0.00000255180000000,0.00000198727000000,0.00000021418200000,0.00005631780000000,0.00004093710000000,0.00000312043000000,0.00004316850000000,0.00006428230000000,0.00000000000000000
SUCSYN-PWY: sucrose biosynthesis I (from photosynthesis),0.00000000000000000,0.00000000000000000,0.00000000000000000,0.00000000000000000,0.00000000000000000,0.00000000000000000,0.00000000000000000,0.00000000000000000,0.00000117519000000,0.00000000000000000,0.00000000000000000,0.00000000000000000,0.00000000000000000,0.00000000000000000,0.00000000000000000,0.00000000000000000,0.00000000000000000,0.00000000000000000,0.00000000000000000,0.00000000000000000,0.00000000000000000,0.00000000000000000,0.00000000000000000,0.00000000000000000,0.00000000000000000,0.00000000000000000,0.00000000000000000,0.00000000000000000
SULFATE-CYS-PWY: superpathway of sulfate assimilation and cysteine biosynthesis,0.00008874850000000,0.00009050970000000,0.00000366957000000,0.00000000000000000,0.00000994812000000,0.00001083770000000,0.00000159097000000,0.00005696860000000,0.00000000000000000,0.00008618730000000,0.00008633530000000,0.00009713990000000,0.00000036901300000,0.00000000000000000,0.00000977111000000,0.00000306970000000,0.00008261920000000,0.00000295099000000,0.00000482997000000,0.00000544410000000,0.00000432746000000,0.00000048018500000,0.00006736650000000,0.00005928140000000,0.00000666616000000,0.00004861650000000,0.00009741870000000,0.00009330200000000
TCA-GLYOX-BYPASS: superpathway of glyoxylate bypass and TCA,0.00006346760000000,0.00007909820000000,0.00000098907700000,0.00009031830000000,0.00000351094000000,0.00000573815000000,0.00000000000000000,0.00000000000000000,0.00000000000000000,0.00002566350000000,0.00002147970000000,0.00002070320000000,0.00000074117300000,0.00000000000000000,0.00000159851000000,0.00000000000000000,0.00000320610000000,0.00000000000000000,0.00000150884000000,0.00000000000000000,0.00000065851800000,0.00000000000000000,0.00000193545000000,0.00000344153000000,0.00000095599300000,0.00000442889000000,0.00008977750000000,0.00003797760000000
TCA: TCA cycle I (prokaryotic),0.00000000000000000,0.00000000000000000,0.00009800830000000,0.00000000000000000,0.00000000000000000,0.00000000000000000,0.00000000000000000,0.00003487630000000,0.00002636500000000,0.00006731110000000,0.00006882240000000,0.00007388110000000,0.00002924070000000,0.00003092170000000,0.00000000000000000,0.00000000000000000,0.00004452580000000,0.00001446730000000,0.00002298080000000,0.00001307510000000,0.00001450390000000,0.00001287310000000,0.00003534870000000,0.00003898630000000,0.00001546180000000,0.00004507950000000,0.00000000000000000,0.00007689300000000
TEICHOICACID-PWY: teichoic acid (poly-glycerol) biosynthesis,0.00000497248000000,0.00000356467000000,0.00000115958000000,0.00000437922000000,0.00000048201400000,0.00000137896000000,0.00000295647000000,0.00000427899000000,0.00000350875000000,0.00000053951300000,0.00000000000000000,0.00000283389000000,0.00000209979000000,0.00000513945000000,0.00000285568000000,0.00000107450000000,0.00000000000000000,0.00000000000000000,0.00000000000000000,0.00000000000000000,0.00000000000000000,0.00000000000000000,0.00000000000000000,0.00000000000000000,0.00000000000000000,0.00000000000000000,0.00000092152300000,0.00000052429200000
THISYN-PWY: superpathway of thiamin diphosphate biosynthesis I,0.00005822860000000,0.00007222690000000,0.00004493020000000,0.00000000000000000,0.00004763710000000,0.00007942430000000,0.00004846480000000,0.00005746610000000,0.00004555250000000,0.00000000000000000,0.00000000000000000,0.00000000000000000,0.00004871440000000,0.00004383100000000,0.00004303350000000,0.00004542070000000,0.00000317913000000,0.00000000000000000,0.00000788619000000,0.00000298774000000,0.00000190172000000,0.00000000000000000,0.00000608104000000,0.00000727417000000,0.00000000000000000,0.00000749733000000,0.00009141370000000,0.00000000000000000
THISYNARA-PWY: superpathway of thiamin diphosphate biosynthesis III (eukaryotes),0.00008855860000000,0.00000000000000000,0.00005608710000000,0.00009610280000000,0.00005615470000000,0.00007066220000000,0.00006540640000000,0.00007074930000000,0.00007831220000000,0.00009945120000000,0.00000000000000000,0.00009285440000000,0.00006668070000000,0.00006064630000000,0.00005486010000000,0.00005026670000000,0.00008473040000000,0.00001144310000000,0.00001852650000000,0.00001437910000000,0.00001418720000000,0.00001862530000000,0.00007669470000000,0.00007644820000000,0.00001294130000000,0.00007462190000000,0.00007419820000000,0.00000000000000000
THREOCAT-PWY: superpathway of L-threonine metabolism,0.00002208590000000,0.00004159190000000,0.00000000000000000,0.00004727820000000,0.00000000000000000,0.00000000000000000,0.00000000000000000,0.00000000000000000,0.00000000000000000,0.00002321600000000,0.00001921860000000,0.00001229900000000,0.00000000000000000,0.00000000000000000,0.00000000000000000,0.00000000000000000,0.00000000000000000,0.00000000000000000,0.00000000000000000,0.00000000000000000,0.00000000000000000,0.00000000000000000,0.00000000000000000,0.00000000000000000,0.00000000000000000,0.00000000000000000,0.00004493290000000,0.00002119730000000
THRESYN-PWY: superpathway of L-threonine biosynthesis,0.00000000000000000,0.00000000000000000,0.00000000000000000,0.00000000000000000,0.00000000000000000,0.00000000000000000,0.00000000000000000,0.00000000000000000,0.00000000000000000,0.00000000000000000,0.00000000000000000,0.00000000000000000,0.00000000000000000,0.00000000000000000,0.00000000000000000,0.00000000000000000,0.00000000000000000,0.00005190000000000,0.00007462580000000,0.00005834470000000,0.00007209430000000,0.00006766450000000,0.00000000000000000,0.00000000000000000,0.00004995810000000,0.00000000000000000,0.00000000000000000,0.00000000000000000
TRNA-CHARGING-PWY: tRNA charging,0.00000000000000000,0.00000000000000000,0.00000000000000000,0.00000000000000000,0.00000000000000000,0.00000000000000000,0.00000000000000000,0.00000000000000000,0.00000000000000000,0.00000000000000000,0.00000000000000000,0.00000000000000000,0.00000000000000000,0.00000000000000000,0.00000000000000000,0.00000000000000000,0.00000000000000000,0.00000000000000000,0.00000000000000000,0.00000000000000000,0.00000000000000000,0.00000000000000000,0.00000000000000000,0.00000000000000000,0.00000000000000000,0.00000000000000000,0.00000000000000000,0.00000000000000000
TRPSYN-PWY: L-tryptophan biosynthesis,0.00007130430000000,0.00007748260000000,0.00000000000000000,0.00000000000000000,0.00000000000000000,0.00000000000000000,0.00000000000000000,0.00000000000000000,0.00000000000000000,0.00000000000000000,0.00000000000000000,0.00000000000000000,0.00000000000000000,0.00000000000000000,0.00000000000000000,0.00000000000000000,0.00000000000000000,0.00000000000000000,0.00000000000000000,0.00000000000000000,0.00000000000000000,0.00000000000000000,0.00000000000000000,0.00000000000000000,0.00000000000000000,0.00000000000000000,0.00007869790000000,0.00000000000000000
TYRFUMCAT-PWY: L-tyrosine degradation I,0.00000027255800000,0.00000064005700000,0.00000000000000000,0.00000000000000000,0.00000000000000000,0.00000000000000000,0.00000000000000000,0.00000000000000000,0.00000000000000000,0.00000000000000000,0.00000000000000000,0.00000000000000000,0.00000000000000000,0.00000000000000000,0.00000000000000000,0.00000000000000000,0.00000000000000000,0.00000000000000000,0.00000000000000000,0.00000000000000000,0.00000000000000000,0.00000000000000000,0.00000000000000000,0.00000000000000000,0.00000000000000000,0.00000000000000000,0.00000021009400000,0.00000000000000000
UBISYN-PWY: superpathway of ubiquinol-8 biosynthesis (prokaryotic),0.00002902050000000,0.00003764470000000,0.00000000000000000,0.00003260080000000,0.00000107860000000,0.00000127525000000,0.00000000000000000,0.00000000000000000,0.00000000000000000,0.00000967597000000,0.00000451270000000,0.00000704224000000,0.00000000000000000,0.00000000000000000,0.00000000000000000,0.00000039750100000,0.00000000000000000,0.00000000000000000,0.00000000000000000,0.00000000000000000,0.00000000000000000,0.00000000000000000,0.00000000000000000,0.00000000000000000,0.00000000000000000,0.00000000000000000,0.00003698500000000,0.00001323040000000
UDPNAGSYN-PWY: UDP-N-acetyl-D-glucosamine biosynthesis I,0.00000000000000000,0.00000000000000000,0.00001303490000000,0.00000000000000000,0.00001475230000000,0.00001955630000000,0.00001067890000000,0.00002842940000000,0.00002243830000000,0.00004890070000000,0.00005031290000000,0.00004822500000000,0.00002277890000000,0.00002737380000000,0.00001670350000000,0.00001148110000000,0.00003375220000000,0.00002369930000000,0.00003097170000000,0.00002453400000000,0.00004002620000000,0.00003297060000000,0.00003901460000000,0.00003915650000000,0.00002599680000000,0.00004334780000000,0.00000000000000000,0.00005942240000000
UNINTEGRATED,0.60000000000000000,0.63000000000000000,0.67000000000000000,0.71000000000000000,0.65000000000000000,0.65000000000000000,0.58000000000000000,0.58000000000000000,0.59000000000000000,0.69000000000000000,0.68000000000000000,0.68000000000000000,0.62000000000000000,0.61000000000000000,0.66000000000000000,0.67000000000000000,0.72000000000000000,0.78000000000000000,0.78000000000000000,0.77000000000000000,0.78000000000000000,0.78000000000000000,0.74000000000000000,0.75000000000000000,0.78000000000000000,0.72000000000000000,0.53000000000000000,0.68000000000000000
UNMAPPED,0.36000000000000000,0.33000000000000000,0.29000000000000000,0.24000000000000000,0.31000000000000000,0.31000000000000000,0.39000000000000000,0.38000000000000000,0.37000000000000000,0.26000000000000000,0.28000000000000000,0.28000000000000000,0.34000000000000000,0.36000000000000000,0.30000000000000000,0.29000000000000000,0.24000000000000000,0.19000000000000000,0.18000000000000000,0.19000000000000000,0.18000000000000000,0.18000000000000000,0.22000000000000000,0.21000000000000000,0.18000000000000000,0.24000000000000000,0.43000000000000000,0.28000000000000000
URDEGR-PWY: superpathway of allantoin degradation in plants,0.00000000000000000,0.00000000000000000,0.00000000000000000,0.00000000000000000,0.00000000000000000,0.00000119032000000,0.00000049228700000,0.00000000000000000,0.00000000000000000,0.00000000000000000,0.00000000000000000,0.00000000000000000,0.00000000000000000,0.00000000000000000,0.00000086744600000,0.00000070360900000,0.00000037925300000,0.00000000000000000,0.00000000000000000,0.00000000000000000,0.00000000000000000,0.00000000000000000,0.00000000000000000,0.00000000000000000,0.00000000000000000,0.00000000000000000,0.00000000000000000,0.00000000000000000
URSIN-PWY: ureide biosynthesis,0.00000000000000000,0.00000000000000000,0.00000000000000000,0.00000000000000000,0.00000000000000000,0.00000000000000000,0.00000000000000000,0.00000000000000000,0.00000000000000000,0.00000000000000000,0.00000000000000000,0.00000000000000000,0.00000000000000000,0.00000000000000000,0.00000000000000000,0.00000000000000000,0.00000000000000000,0.00000000000000000,0.00000000000000000,0.00000000000000000,0.00000000000000000,0.00000000000000000,0.00000000000000000,0.00000000000000000,0.00000000000000000,0.00000000000000000,0.00000000000000000,0.00000000000000000
VALDEG-PWY: L-valine degradation I,0.00000710553000000,0.00000667770000000,0.00000000000000000,0.00000358521000000,0.00000000000000000,0.00000165481000000,0.00000103174000000,0.00000000000000000,0.00000155778000000,0.00000195872000000,0.00000179956000000,0.00000259505000000,0.00000179362000000,0.00000000000000000,0.00000082365100000,0.00000082519200000,0.00000000000000000,0.00000000000000000,0.00000000000000000,0.00000000000000000,0.00000000000000000,0.00000000000000000,0.00000000000000000,0.00000000000000000,0.00000000000000000,0.00000000000000000,0.00000413634000000,0.00000171138000000
VALSYN-PWY: L-valine biosynthesis,0.00000000000000000,0.00000000000000000,0.00000000000000000,0.00000000000000000,0.00000000000000000,0.00000000000000000,0.00000000000000000,0.00000000000000000,0.00000000000000000,0.00000000000000000,0.00000000000000000,0.00000000000000000,0.00000000000000000,0.00000000000000000,0.00000000000000000,0.00000000000000000,0.00000000000000000,0.00000000000000000,0.00000000000000000,0.00000000000000000,0.00000000000000000,0.00000000000000000,0.00000000000000000,0.00000000000000000,0.00000000000000000,0.00000000000000000,0.00000000000000000,0.00000000000000000